classid,courseid,teacherid,crn,campus,startdate,classdays,starttime,endtime,classlocation,semester
90089d68-e45f-11e9-a417-8f0ee143faa6,5d02b000-e3cb-11e9-8f71-e7217d9f6d9f,23fe2ea6-e3cb-11e9-a449-43ae922fe9d9,0DB67,Western Buttercup,2011-10-01,MFS,08:39:00,18:44:00,Granby,Spring
90093994-e45f-11e9-a418-277eafb6accd,5d034c2c-e3cb-11e9-8f72-eb1c5478bad2,23fef1d8-e3cb-11e9-a44a-0b17727bf406,0WBN4,Lecidea Lichen,2011-10-09,MR,07:40:00,16:48:00,Northview,Spring
90093995-e45f-11e9-a419-f3f4e55cb6cc,5d039a56-e3cb-11e9-8f73-eb5fcb1b3bd2,23ff18e8-e3cb-11e9-a44b-fb564150cc8a,047W0,Rabbit Ear Rockcress,2011-10-12,TWF,11:42:00,20:00:00,Eliot,Spring
90093996-e45f-11e9-a41a-871bac9135bd,5d03c15c-e3cb-11e9-8f74-a7f21575bf37,23ff3fe4-e3cb-11e9-a44c-2f0b03e8de8b,05LF3,Kunth's Evening Primrose,2011-10-14,T,09:08:00,20:00:00,David,Fall
90093997-e45f-11e9-a41b-3bdfdfea6e65,5d03e858-e3cb-11e9-8f75-5bfc29bf5cb3,23ff66fe-e3cb-11e9-a44d-dffb1564461a,0BBM7,Punktree,2011-10-18,S,10:09:00,13:18:00,Bashford,Fall
9009d5c0-e45f-11e9-a41c-db4a3b963bb1,5d040f68-e3cb-11e9-8f76-7b2e35aaa8b0,23ff8dfa-e3cb-11e9-a44e-9b2165cef09b,0TS,Monkeyflower,2011-10-18,MRS,07:42:00,20:06:00,Tennyson,Spring
9009d5c1-e45f-11e9-a41d-a30730b0f040,5d04366e-e3cb-11e9-8f77-f7002654a8cc,23ffb500-e3cb-11e9-a44f-8b4795c9ce4a,0B7B0,Sheep Laurel,2011-10-23,MFS,08:35:00,17:41:00,Goodland,Fall
9009d5c2-e45f-11e9-a41e-0314291e829e,5d045d74-e3cb-11e9-8f78-33f15550d01b,23ffdc10-e3cb-11e9-a450-8b64523f1f94,F08M5,Limestone Maiden Fern,2011-11-03,MT,11:50:00,20:00:00,Dixon,Summer
9009d5c3-e45f-11e9-a41f-73b3f3135e9a,5d048484-e3cb-11e9-8f79-63a2ad75bda8,24000320-e3cb-11e9-a451-d71a9b77b2ba,0MUF4,Cap Lichen,2011-11-05,MWR,08:14:00,09:25:00,Forster,Fall
900a71f6-e45f-11e9-a420-dfe2e6c55063,5d04ab8a-e3cb-11e9-8f7a-7727694d46df,24002a26-e3cb-11e9-a452-53e1d70cdb01,0DNT0,American Bushmint,2011-11-06,MTWFS,15:46:00,18:26:00,Eastlawn,Spring
900a71f7-e45f-11e9-a421-5f7b3ca3394c,5d04d29a-e3cb-11e9-8f7b-0364ed1591ad,24005136-e3cb-11e9-a453-cf258411afae,0KUP0,Rillita Pellitory,2011-11-06,W,11:43:00,12:04:00,Lukken,Summer
900a71f8-e45f-11e9-a422-47b62716d839,5d04f9a0-e3cb-11e9-8f7c-e3f49cc029df,2400783c-e3cb-11e9-a454-af9ada70a8fb,3130,Woolly Cottonflower,2011-11-11,MRFS,16:57:00,19:31:00,Corry,Fall
900a71f9-e45f-11e9-a423-076829a9ba04,5d0520a6-e3cb-11e9-8f7d-d3fbfa19f57b,24009f4c-e3cb-11e9-a455-9f3551648910,04RB0,Idria Buckwheat,2011-11-20,TRF,10:39:00,20:00:00,Village,Spring
900a71fa-e45f-11e9-a424-5bd1e3fdbe73,5d0547ac-e3cb-11e9-8f7e-c7ce45b3f416,2400c652-e3cb-11e9-a456-6f9cffa57954,0W990,Imshaug's Tube Lichen,2011-11-22,WRFS,18:53:00,20:00:00,Goodland,Summer
900b0e2c-e45f-11e9-a425-dfe22ff498cb,5d056ebc-e3cb-11e9-8f7f-33bfed7e03c3,2400ed58-e3cb-11e9-a457-6bf0b613dbe2,6104,Parasol Bladderpod,2011-11-23,WRFS,15:01:00,17:04:00,Melody,Fall
900b0e2d-e45f-11e9-a426-93cd17ea29ca,5d0595c2-e3cb-11e9-8f80-ffaf67a53f56,24013b6e-e3cb-11e9-a458-3ffee202a7bc,DF12B,Shortsepal Lewisia,2011-11-29,MTFS,08:15:00,11:29:00,Pankratz,Summer
900b0e2e-e45f-11e9-a427-dbe0d432b2fe,5d05bcd2-e3cb-11e9-8f81-4f28365cd8d1,2401627e-e3cb-11e9-a459-6b937003341c,0SP33,Bhutan Pine,2011-12-12,MTF,17:00:00,20:00:00,Welch,Fall
900b0e2f-e45f-11e9-a428-abef5ef2ad96,5d05bcd3-e3cb-11e9-8f82-abe172a24141,2401898e-e3cb-11e9-a45a-23659c6c95c7,8E0W3,Glandleaf Milkwort,2011-12-15,RF,18:59:00,20:00:00,Sommers,Spring
900baa62-e45f-11e9-a429-8fe45bee361d,5d05e3d8-e3cb-11e9-8f83-7736cb6330b2,2401d7a4-e3cb-11e9-a45b-bf56b4322858,3E0J3,Sawtooth Bristleweed,2011-12-18,WF,15:30:00,16:23:00,Sherman,Spring
900baa63-e45f-11e9-a42a-bf6b8931b2fa,5d060ae8-e3cb-11e9-8f84-1b4088fa43ad,2401feaa-e3cb-11e9-a45c-2328c385f688,0UWMX,Cleft Sedge,2011-12-21,MTRS,17:20:00,20:00:00,Clarendon,Summer
900baa64-e45f-11e9-a42b-1f2bf00aef83,5d0631ee-e3cb-11e9-8f85-4f38fde26207,240225b0-e3cb-11e9-a45d-13242514e334,05SS0,River Cyrtandra,2011-12-22,TS,07:17:00,16:00:00,Ridgeway,Spring
900baa65-e45f-11e9-a42c-7b39cc259726,5d0658fe-e3cb-11e9-8f86-db4a1425be13,240273c6-e3cb-11e9-a45e-9773469fe73c,0WJP4,Tucson Mountain Spiderling,2011-12-25,MF,09:12:00,17:25:00,La Follette,Spring
900baa66-e45f-11e9-a42d-bff310ce1b73,5d068004-e3cb-11e9-8f87-3f8117b8e247,24029acc-e3cb-11e9-a45f-07b33ead673c,0RPS0,Crenulate Rhabdoweisia Moss,2012-01-03,M,17:40:00,20:00:00,Sunnyside,Spring
900c4698-e45f-11e9-a42e-63c289018f00,5d06a70a-e3cb-11e9-8f88-5b88e26cf645,2402c1dc-e3cb-11e9-a460-ffefc670849d,0KC03,Hobdy's Spleenwort,2012-01-07,WRFS,08:25:00,13:05:00,Sycamore,Fall
900c4699-e45f-11e9-a42f-5b180e4f21cd,5d06ce10-e3cb-11e9-8f89-930e9562b7e0,2402e8e2-e3cb-11e9-a461-a3fd5a398fb8,0KXL4,Andreaea Moss,2012-01-10,TF,10:16:00,11:22:00,Dapin,Spring
900c469a-e45f-11e9-a430-af3f3d74847f,5d06f520-e3cb-11e9-8f8a-53a5bc43daa5,240336f8-e3cb-11e9-a462-372732212b1a,047M4,Hypnum Moss,2012-01-13,MFS,11:51:00,19:34:00,Onsgard,Fall
900c469b-e45f-11e9-a431-dfdd378b3a14,5d071c26-e3cb-11e9-8f8b-0b8eb6905f11,24035dfe-e3cb-11e9-a463-b77a0b87b643,0YJ9X,False Leopardbane,2012-01-15,MWS,12:30:00,20:13:00,Lillian,Spring
900c469c-e45f-11e9-a432-4319765e611c,5d07432c-e3cb-11e9-8f8c-df7fc77d3e54,24038504-e3cb-11e9-a464-0b6dfa689a12,0RGD4,Woman's Tobacco,2012-01-23,MWFS,09:01:00,17:24:00,Grover,Spring
900ce2ce-e45f-11e9-a433-1b73319a3e91,5d076a3c-e3cb-11e9-8f8d-4b3fae2598d4,2403ac14-e3cb-11e9-a465-2b9c06564ebb,0FF83,Wright's Dutchman's Pipe,2012-02-07,TWF,15:31:00,17:32:00,Browning,Fall
900ce2cf-e45f-11e9-a434-47b9f305fb9f,5d079142-e3cb-11e9-8f8e-53e3cec57009,2403d31a-e3cb-11e9-a466-875b95539ba8,0TL30,Mt. Hamilton Jewelflower,2012-03-03,F,12:19:00,18:32:00,Cottonwood,Summer
900d7fa4-e45f-11e9-a435-cf9940fa1f7b,5d07b852-e3cb-11e9-8f8f-872a7a270474,2403fa2a-e3cb-11e9-a467-8b61035f2d98,3150,Cooper's Popcornflower,2012-03-10,TF,17:00:00,20:00:00,Rockefeller,Spring
900e1bda-e45f-11e9-a436-f70ffa87b13d,5d07df6c-e3cb-11e9-8f90-93046103d5b7,24042144-e3cb-11e9-a468-7bd2a30894df,0RP44,Prostrate Wild Petunia,2012-03-16,W,07:01:00,08:32:00,Maple Wood,Summer
900eb810-e45f-11e9-a437-5baff4957cae,5d080672-e3cb-11e9-8f91-9f239e176814,24046f6e-e3cb-11e9-a469-a7a5d48ceb2f,0HHT8,Hairy-lemma Barley,2012-03-18,MT,11:58:00,15:46:00,Village,Summer
900f5446-e45f-11e9-a438-f357e75565ff,5d082d78-e3cb-11e9-8f92-1f9936a581d3,2404966a-e3cb-11e9-a46a-eb9b2c0fb721,0DUG0,Holosteum,2012-03-19,FS,14:46:00,19:42:00,Village,Summer
900ff07c-e45f-11e9-a439-4b40f349702f,5d08547e-e3cb-11e9-8f93-431bf4cedc45,2404bd7a-e3cb-11e9-a46b-abf884f49072,0FV83,Gray Alder,2012-03-21,WRS,10:45:00,20:07:00,Prentice,Summer
900ff07d-e45f-11e9-a43a-dff482d6dc64,5d087b84-e3cb-11e9-8f94-1b7d27388e44,24050b72-e3cb-11e9-a46c-2b022a41fe97,30260,Winged Four O'clock,2012-03-23,TWFS,13:13:00,19:34:00,John Wall,Summer
900ff07e-e45f-11e9-a43b-f387703f702d,5d08a294-e3cb-11e9-8f95-fbb16e5fdcda,24053278-e3cb-11e9-a46d-b31b97231b9c,0RCG0,Tube Tongue,2012-03-31,W,18:27:00,20:00:00,Springview,Summer
900ff07f-e45f-11e9-a43c-535b24003f86,5d08c9c2-e3cb-11e9-8f96-47cdf3c81977,240580a2-e3cb-11e9-a46e-ab677f62609c,047M0,Vine Mesquite,2012-04-08,S,17:29:00,20:00:00,Sutteridge,Fall
90108b5e-e45f-11e9-a43d-7b075d9c650e,5d08c9c3-e3cb-11e9-8f97-03e297ff02d1,2405a82a-e3cb-11e9-a46f-db4a40758356,04LY4,Southern Spicebush,2012-04-11,MWR,17:47:00,20:00:00,Iowa,Summer
901128e8-e45f-11e9-a43e-2fe4f3c50c4f,5d08f0aa-e3cb-11e9-8f98-bbb7edf9ae2e,24061d3c-e3cb-11e9-a470-9f33415bb88d,065H4,Hairy White Oldfield Aster,2012-04-20,MTWF,13:36:00,17:20:00,Michigan,Spring
9011c51e-e45f-11e9-a43f-0365c6b3c77f,5d0917b0-e3cb-11e9-8f99-bb3f6a111dc9,240643d4-e3cb-11e9-a471-03e56dd8483b,0CPS8,Bartlett's Sphagnum,2012-04-24,MR,09:12:00,18:10:00,Meadow Valley,Spring
90126154-e45f-11e9-a440-f7c8b02e5281,5d093eb6-e3cb-11e9-8f9a-078bad2dbc62,24066ada-e3cb-11e9-a472-6f3a5fb18c88,0FQ44,Hungarian Clover,2012-05-02,T,16:43:00,20:00:00,Esker,Fall
9012fc7c-e45f-11e9-a441-f7fa623638e7,5d0965c6-e3cb-11e9-8f9b-c7f287c38493,24069258-e3cb-11e9-a473-d78ff025ac47,041H4,Hairy Indian Mallow,2012-05-06,MTR,14:29:00,17:48:00,Vidon,Fall
9012fc7d-e45f-11e9-a442-eb31b7831526,5d098ccc-e3cb-11e9-8f9c-337a00a74149,2406b968-e3cb-11e9-a474-abc1f5be99df,069N4,False Fleabane,2012-05-17,R,16:06:00,20:00:00,Blackbird,Summer
9012fc7e-e45f-11e9-a443-577c2abfb738,5d09b3dc-e3cb-11e9-8f9d-d3a975b5a90f,2406e06e-e3cb-11e9-a475-6759ea0b39bc,0M823,Wingstem,2012-06-01,TF,12:57:00,20:00:00,Myrtle,Fall
901398ee-e45f-11e9-a444-33662de2ded1,5d09daec-e3cb-11e9-8f9e-6f67a23c05c9,2407077e-e3cb-11e9-a476-c38a2befbfd7,0RHJ0,California Canarygrass,2012-06-06,F,09:25:00,09:37:00,Golf,Spring
901435f6-e45f-11e9-a445-2bedc1974f5c,5d0a01f2-e3cb-11e9-8f9f-43140f3ea106,24072e84-e3cb-11e9-a477-532258583846,09R2X,Alpine Bedstraw,2012-06-07,M,17:58:00,20:00:00,Westend,Fall
9014d22c-e45f-11e9-a446-7f4cce0628c2,5d0a28f8-e3cb-11e9-8fa0-077efd7e6c0d,24075594-e3cb-11e9-a478-c315d9a694fc,F0726,Bird Beaksedge,2012-06-14,WR,17:50:00,20:00:00,Roth,Spring
90156e62-e45f-11e9-a447-ff67de6fe3a7,5d0a5008-e3cb-11e9-8fa1-97c1c9ec4a35,24077c9a-e3cb-11e9-a479-6354ddd4d2d5,09W70,Mycoporum Lichen,2012-06-16,MFS,16:17:00,20:00:00,Stephen,Summer
90160a8e-e45f-11e9-a448-5f6751c251bf,5d0a770e-e3cb-11e9-8fa2-f7eeb7f8231c,2407a3aa-e3cb-11e9-a47a-2379191142cf,01C84,Annual Rabbitsfoot Grass,2012-06-21,WRS,09:48:00,18:48:00,Artisan,Spring
90160a8f-e45f-11e9-a449-53a5d5044be3,5d0a9e1e-e3cb-11e9-8fa3-5f8db0242174,23fe2ea6-e3cb-11e9-a449-43ae922fe9d9,F08G5,Sand Dropseed,2012-06-22,MRF,10:46:00,16:47:00,Lien,Summer
90160a90-e45f-11e9-a44a-bf778591ae9c,5d0ac524-e3cb-11e9-8fa4-539e26619810,23fef1d8-e3cb-11e9-a44a-0b17727bf406,0GCQ4,Ophioparma Lichen,2012-06-22,TWRS,14:12:00,20:00:00,Delaware,Summer
9016a62e-e45f-11e9-a44b-972f51c13ac9,5d0aec2a-e3cb-11e9-8fa5-ffb012ba04a5,23ff18e8-e3cb-11e9-a44b-fb564150cc8a,051V4,Rod Wirelettuce,2012-06-22,TWR,08:24:00,14:42:00,Stuart,Summer
9016a62f-e45f-11e9-a44c-9b6801254b01,5d0b1330-e3cb-11e9-8fa6-97127b4e94be,23ff3fe4-e3cb-11e9-a44c-2f0b03e8de8b,0JJS0,Wavyleaf Ceanothus,2012-06-23,MS,10:28:00,15:12:00,Brentwood,Fall
9016a630-e45f-11e9-a44d-77073064e776,5d0b3a40-e3cb-11e9-8fa7-0bd5174f581c,23ff66fe-e3cb-11e9-a44d-dffb1564461a,0BPKX,Prairie Rose,2012-07-06,WRFS,09:00:00,13:48:00,Canary,Fall
9016a631-e45f-11e9-a44e-1f426173404b,5d0b6146-e3cb-11e9-8fa8-afd9ffe433d7,23ff8dfa-e3cb-11e9-a44e-9b2165cef09b,08RY3,Bergamot Orange,2012-07-11,F,11:01:00,15:20:00,Browning,Fall
901741a6-e45f-11e9-a44f-13ab96182f0a,5d0b8856-e3cb-11e9-8fa9-93ed59c5c24f,23ffb500-e3cb-11e9-a44f-8b4795c9ce4a,00KC0,Ridge Johnnyberry,2012-07-14,MF,08:58:00,13:42:00,Lakeland,Summer
901741a7-e45f-11e9-a450-23c052c77f63,5d0b8857-e3cb-11e9-8faa-5f02feb3578f,23ffdc10-e3cb-11e9-a450-8b64523f1f94,0QRR4,Cologania,2012-07-24,MTRF,13:36:00,15:16:00,Upham,Spring
901741a8-e45f-11e9-a451-4f149f715632,5d0baf5c-e3cb-11e9-8fab-475d4bd1e50d,24000320-e3cb-11e9-a451-d71a9b77b2ba,3E1N3,Cetraria Lichen,2012-07-27,W,07:49:00,19:29:00,Talmadge,Fall
901741a9-e45f-11e9-a452-e7941ec0c90c,5d0bd662-e3cb-11e9-8fac-7fb7a631a16c,24002a26-e3cb-11e9-a452-53e1d70cdb01,1924,Rosy Gilia,2012-07-28,T,09:41:00,19:03:00,Bayside,Summer
9017de9a-e45f-11e9-a453-a37fa67847d0,5d0bfd72-e3cb-11e9-8fad-4780d9807328,24005136-e3cb-11e9-a453-cf258411afae,0UBG4,Southern Bayberry,2012-08-06,MT,15:57:00,20:07:00,Cardinal,Fall
9017de9b-e45f-11e9-a454-db5780a99ff9,5d0c2478-e3cb-11e9-8fae-c720e032d9b1,2400783c-e3cb-11e9-a454-af9ada70a8fb,0RG23,Pinegrove Groundsmoke,2012-08-09,MTR,11:24:00,15:48:00,New Castle,Summer
9017de9c-e45f-11e9-a455-d75821ab24d8,5d0c4b88-e3cb-11e9-8faf-fbb2139a77cb,24009f4c-e3cb-11e9-a455-9f3551648910,0KCB4,Spanish Stonecrop,2012-08-12,TWFS,08:25:00,15:02:00,Arkansas,Summer
9017de9d-e45f-11e9-a456-7b34a21a7c53,5d0c728e-e3cb-11e9-8fb0-1b07a600cba2,2400c652-e3cb-11e9-a456-6f9cffa57954,0V9B4,Soldier Beaksedge,2012-08-15,T,16:48:00,20:00:00,Fairview,Summer
9017de9e-e45f-11e9-a457-eb01cb77d678,5d0c999e-e3cb-11e9-8fb1-0f0d2ee4cab4,2400ed58-e3cb-11e9-a457-6bf0b613dbe2,0PPGX,Douglas' Thistle,2012-08-18,TS,12:56:00,20:00:00,Redwing,Fall
90187ad0-e45f-11e9-a458-174099550123,5d0cc0a4-e3cb-11e9-8fb2-2b4d69a60060,24013b6e-e3cb-11e9-a458-3ffee202a7bc,07LH4,Roundpod St. Johnswort,2012-08-18,F,07:26:00,12:21:00,Kinsman,Spring
90187ad1-e45f-11e9-a459-5f7a571d03f1,5d0ce7b4-e3cb-11e9-8fb3-5bef6e2fdad8,2401627e-e3cb-11e9-a459-6b937003341c,037U0,Cacaliopsis,2012-08-23,MT,14:26:00,16:30:00,Commercial,Spring
90187ad2-e45f-11e9-a45a-b32f7802a69b,5d0d0ece-e3cb-11e9-8fb4-1fd62e5b592d,2401898e-e3cb-11e9-a45a-23659c6c95c7,0KSM4,Keyflower,2012-09-04,R,18:43:00,20:00:00,Judy,Spring
90187ad3-e45f-11e9-a45b-ebd3a890bb79,5d0d35b6-e3cb-11e9-8fb5-0f2980ff9fb9,2401d7a4-e3cb-11e9-a45b-bf56b4322858,0NSV4,Creeping Waxweed,2012-09-06,MTW,11:29:00,13:21:00,Anhalt,Summer
90187ad4-e45f-11e9-a45c-8343a8955587,5d0d5cd0-e3cb-11e9-8fb6-d7244b342906,2401feaa-e3cb-11e9-a45c-2328c385f688,0QW63,Elliptic Plagiomnium Moss,2012-09-08,M,17:42:00,20:00:00,Fuller,Spring
90191706-e45f-11e9-a45d-0b58d34bf692,5d0d83e0-e3cb-11e9-8fb7-7b348e8eb50c,240225b0-e3cb-11e9-a45d-13242514e334,037T0,Long Valley Milkvetch,2012-09-09,T,12:42:00,20:00:00,Sunnyside,Fall
90191707-e45f-11e9-a45e-dbd7bc705afc,5d0d83e1-e3cb-11e9-8fb8-c3e4fb046c88,240273c6-e3cb-11e9-a45e-9773469fe73c,0T183,Robust Clubmoss,2012-09-10,WS,10:31:00,10:54:00,Redwing,Spring
90191708-e45f-11e9-a45f-5b07862472a8,5d0daae6-e3cb-11e9-8fb9-9b4d8418a3d7,24029acc-e3cb-11e9-a45f-07b33ead673c,0RP34,Fellhanera Lichen,2012-09-13,F,17:49:00,18:46:00,Hooker,Fall
90191709-e45f-11e9-a460-37ed059bc40e,5d0dd1ec-e3cb-11e9-8fba-7b6e047ddc74,2402c1dc-e3cb-11e9-a460-ffefc670849d,0PPJ0,Shortspur Seablush,2012-09-19,MTR,07:59:00,10:59:00,Pennsylvania,Summer
9019b33c-e45f-11e9-a461-737e84ba3310,5d0df8fc-e3cb-11e9-8fbb-2baf0a0e472f,2402e8e2-e3cb-11e9-a461-a3fd5a398fb8,0BBG4,Soliman's Croton,2012-09-24,T,13:26:00,20:00:00,Dennis,Spring
9019b33d-e45f-11e9-a462-4f6b6d325d8c,5d0e2002-e3cb-11e9-8fbc-a3811336bef1,240336f8-e3cb-11e9-a462-372732212b1a,0RWR4,Japanese Timber Bamboo,2012-10-03,R,15:13:00,20:00:00,Jenifer,Spring
9019b33e-e45f-11e9-a463-27f37eb66f33,5d0e4708-e3cb-11e9-8fbd-930334d703a3,24035dfe-e3cb-11e9-a463-b77a0b87b643,0B9B8,Death Valley Beardtongue,2012-10-03,R,15:17:00,20:00:00,Pleasure,Summer
9019b33f-e45f-11e9-a464-1bec1306eb7e,5d0e6e18-e3cb-11e9-8fbe-4bb39f48a2cb,24038504-e3cb-11e9-a464-0b6dfa689a12,03LY0,Gummy Gooseberry,2012-10-04,F,15:22:00,16:22:00,Donald,Fall
9019b340-e45f-11e9-a465-0fa23e6007a8,5d0e9528-e3cb-11e9-8fbf-ef94c34d78bc,2403ac14-e3cb-11e9-a465-2b9c06564ebb,0RGR0,Bush Arrowleaf,2012-10-12,RS,10:06:00,19:49:00,Bayside,Spring
901a4f72-e45f-11e9-a466-af22f6f85532,5d0ebc2e-e3cb-11e9-8fc0-f76143467562,2403d31a-e3cb-11e9-a466-875b95539ba8,0PSV4,Monterey Clover,2012-10-24,M,13:31:00,19:37:00,Petterle,Spring
901a4f73-e45f-11e9-a467-f7826751f0d8,5d0ee334-e3cb-11e9-8fc1-0300057e4bef,2403fa2a-e3cb-11e9-a467-8b61035f2d98,047U0,Wilson's Maidenhair,2012-10-27,MTW,09:53:00,09:59:00,High Crossing,Fall
901a4f74-e45f-11e9-a468-3f8dc9978b14,5d0f0a44-e3cb-11e9-8fc2-c37ca930d31b,24042144-e3cb-11e9-a468-7bd2a30894df,0WWB4,Scarlet Calamint,2012-10-27,MTW,15:45:00,20:00:00,Sage,Fall
901a4f75-e45f-11e9-a469-97beb20a03d7,5d0f314a-e3cb-11e9-8fc3-1f04f108412a,24046f6e-e3cb-11e9-a469-a7a5d48ceb2f,04CC3,Cartilage Lichen,2012-10-27,TW,14:17:00,18:23:00,Village,Summer
901aeb9e-e45f-11e9-a46a-73f3ffd49172,5d0f585a-e3cb-11e9-8fc4-3f3b95a60deb,2404966a-e3cb-11e9-a46a-eb9b2c0fb721,037P4,Castela,2012-11-08,M,09:30:00,20:00:00,Menomonie,Fall
901aeb9f-e45f-11e9-a46b-eb13ba8f7fff,5d0f7f60-e3cb-11e9-8fc5-c738b8b0d1eb,2404bd7a-e3cb-11e9-a46b-abf884f49072,041N4,Michelia,2012-11-14,T,13:42:00,14:51:00,Summerview,Fall
901aeba0-e45f-11e9-a46c-2f7eca79c96a,5d0fa666-e3cb-11e9-8fc6-43cb523377b3,24050b72-e3cb-11e9-a46c-2b022a41fe97,0WWM4,Longstyle Rush,2012-11-19,TRS,16:49:00,20:00:00,Hudson,Spring
901aeba1-e45f-11e9-a46d-234ade143378,5d0fa667-e3cb-11e9-8fc7-ef69b9c46515,24053278-e3cb-11e9-a46d-b31b97231b9c,047D0,Oahu Kihifern,2012-11-26,MT,08:01:00,10:03:00,Anhalt,Summer
901aeba2-e45f-11e9-a46e-2b45e2abfff5,5d0fcd6c-e3cb-11e9-8fc8-37ada49bb2e5,240580a2-e3cb-11e9-a46e-ab677f62609c,0RHN0,Wirevine,2012-12-07,F,16:21:00,20:00:00,North,Spring
901b87d4-e45f-11e9-a46f-db6076d9afd6,5d0ff47c-e3cb-11e9-8fc9-73352556a132,2405a82a-e3cb-11e9-a46f-db4a40758356,037A0,Mock Bluestem,2012-12-29,MF,12:44:00,20:00:00,Tennyson,Spring
901b87d5-e45f-11e9-a470-07c11ec326bc,5d101b8c-e3cb-11e9-8fca-637b46847744,24061d3c-e3cb-11e9-a470-9f33415bb88d,0RWR0,Parmotrema Lichen,2013-01-08,MW,09:12:00,17:25:00,Merchant,Spring
901b87d6-e45f-11e9-a471-e73194369177,5d104292-e3cb-11e9-8fcb-d768968cb93e,240643d4-e3cb-11e9-a471-03e56dd8483b,051G0,Littletooth Sedge,2013-01-08,MTFS,17:10:00,20:00:00,Grim,Summer
901b87d7-e45f-11e9-a472-23829ee79a89,5d106998-e3cb-11e9-8fcc-5ba356b30c66,24066ada-e3cb-11e9-a472-6f3a5fb18c88,07BK3,Dwarf Ninebark,2013-01-15,MW,17:36:00,20:00:00,Gina,Fall
901b87d8-e45f-11e9-a473-d34d440ff2e0,5d1090a8-e3cb-11e9-8fcd-33e2f3e387fb,24069258-e3cb-11e9-a473-d78ff025ac47,0KX80,California Four O'clock,2013-01-24,MTWS,12:20:00,18:39:00,Surrey,Summer
901c2414-e45f-11e9-a474-0b27f88e4266,5d10b7ae-e3cb-11e9-8fce-53b5b32b6033,2406b968-e3cb-11e9-a474-abc1f5be99df,0QW63,Whip Nutrush,2013-01-28,MT,16:11:00,18:50:00,Knutson,Spring
901c2415-e45f-11e9-a475-4b73b51f402a,5d10debe-e3cb-11e9-8fcf-dbc94a1a7dc4,2406e06e-e3cb-11e9-a475-6759ea0b39bc,0YQTX,White Wormwood,2013-02-15,F,17:24:00,20:00:00,Barnett,Summer
901c2416-e45f-11e9-a476-37fe2468de3a,5d1105ce-e3cb-11e9-8fd0-a7b139bc13ed,2407077e-e3cb-11e9-a476-c38a2befbfd7,037K3,Downy Phlox,2013-02-22,S,18:08:00,20:00:00,Arrowood,Spring
901c2417-e45f-11e9-a477-ff5a2329f2b7,5d112cd4-e3cb-11e9-8fd1-932ed37373ed,24072e84-e3cb-11e9-a477-532258583846,F07N1,Regal Lily,2013-02-25,RS,17:33:00,20:00:00,Rusk,Fall
901cc040-e45f-11e9-a478-6b8379b11ea6,5d1153da-e3cb-11e9-8fd2-571e393a0849,24075594-e3cb-11e9-a478-c315d9a694fc,045A3,Blackhaw,2013-02-26,MRF,15:43:00,19:57:00,Bay,Fall
901cc041-e45f-11e9-a479-9bf5804a2851,5d117ae0-e3cb-11e9-8fd3-23daa358f555,24077c9a-e3cb-11e9-a479-6354ddd4d2d5,00XL4,African Basil,2013-02-26,MRF,11:02:00,19:33:00,Pawling,Spring
901cc042-e45f-11e9-a47a-d7af31928528,5d11a1f0-e3cb-11e9-8fd4-33461e272b31,2407a3aa-e3cb-11e9-a47a-2379191142cf,0TWB7,Saw Greenbrier,2013-03-02,MWRF,07:32:00,18:06:00,Scoville,Spring
901cc043-e45f-11e9-a47b-ef7034b647e8,5d02b000-e3cb-11e9-8f71-e7217d9f6d9f,23fe2ea6-e3cb-11e9-a449-43ae922fe9d9,0SNG4,Paradise Nut,2013-03-03,MWFS,09:07:00,14:17:00,Waywood,Summer
901cc044-e45f-11e9-a47c-eb31f37d621b,5d034c2c-e3cb-11e9-8f72-eb1c5478bad2,23fef1d8-e3cb-11e9-a44a-0b17727bf406,0B9G4,Elmleaf Goldenrod,2013-03-04,MTS,08:39:00,08:44:00,Montana,Spring
901d5c80-e45f-11e9-a47d-833a0435ead5,5d039a56-e3cb-11e9-8f73-eb5fcb1b3bd2,23ff18e8-e3cb-11e9-a44b-fb564150cc8a,DF11B,Spring Pygmycudweed,2013-03-07,TF,13:42:00,14:59:00,Iowa,Fall
901d5c81-e45f-11e9-a47e-8be56fa2f544,5d03c15c-e3cb-11e9-8f74-a7f21575bf37,23ff3fe4-e3cb-11e9-a44c-2f0b03e8de8b,0JJWX,Masonic Mountain Jewelflower,2013-03-18,MWR,10:51:00,13:20:00,Laurel,Summer
901d5c82-e45f-11e9-a47f-c3a047223d52,5d03e858-e3cb-11e9-8f75-5bfc29bf5cb3,23ff66fe-e3cb-11e9-a44d-dffb1564461a,47207,Faurie's Panicgrass,2013-03-20,MTW,10:45:00,13:59:00,Homewood,Fall
901d5c83-e45f-11e9-a480-636707404308,5d040f68-e3cb-11e9-8f76-7b2e35aaa8b0,23ff8dfa-e3cb-11e9-a44e-9b2165cef09b,06VT4,Arizona Wrightwort,2013-03-23,MTR,17:00:00,20:00:00,Pennsylvania,Spring
901d5c84-e45f-11e9-a481-e7b757df4b00,5d04366e-e3cb-11e9-8f77-f7002654a8cc,23ffb500-e3cb-11e9-a44f-8b4795c9ce4a,06U64,Leafy Bladderwort,2013-03-28,F,16:18:00,16:53:00,Sullivan,Fall
901df8ac-e45f-11e9-a482-fbfa5b82ec81,5d045d74-e3cb-11e9-8f78-33f15550d01b,23ffdc10-e3cb-11e9-a450-8b64523f1f94,00WVX,Dark Noseburn,2013-03-29,F,10:10:00,15:01:00,Dunning,Summer
901df8ad-e45f-11e9-a483-8f17a6e02e83,5d048484-e3cb-11e9-8f79-63a2ad75bda8,24000320-e3cb-11e9-a451-d71a9b77b2ba,06NR3,Yellow Phacelia,2013-03-31,MWF,10:27:00,11:24:00,Graceland,Spring
901df8ae-e45f-11e9-a484-e37351c15cbf,5d04ab8a-e3cb-11e9-8f7a-7727694d46df,24002a26-e3cb-11e9-a452-53e1d70cdb01,0Q9G4,Polytrichum Moss,2013-03-31,MTFS,15:02:00,20:00:00,Thackeray,Summer
901df8af-e45f-11e9-a485-338264712dff,5d04d29a-e3cb-11e9-8f7b-0364ed1591ad,24005136-e3cb-11e9-a453-cf258411afae,09U88,Woolly Brome,2013-04-05,R,12:36:00,20:00:00,Crest Line,Spring
901e94ec-e45f-11e9-a486-0be791147c26,5d04f9a0-e3cb-11e9-8f7c-e3f49cc029df,2400783c-e3cb-11e9-a454-af9ada70a8fb,3E0Q0,Watson's Prickly Phlox,2013-04-08,TR,17:38:00,19:27:00,Farwell,Spring
901e94ed-e45f-11e9-a487-0b2adf3c7f80,5d0520a6-e3cb-11e9-8f7d-d3fbfa19f57b,24009f4c-e3cb-11e9-a455-9f3551648910,0PPM3,Panamint Springparsley,2013-04-10,MT,13:56:00,16:17:00,Basil,Spring
901e94ee-e45f-11e9-a488-330cd368c1d9,5d0547ac-e3cb-11e9-8f7e-c7ce45b3f416,2400c652-e3cb-11e9-a456-6f9cffa57954,0WW54,Desert Twinbugs,2013-04-11,MTFS,13:05:00,18:24:00,Bluejay,Fall
901e94ef-e45f-11e9-a489-934b2ff89d85,5d056ebc-e3cb-11e9-8f7f-33bfed7e03c3,2400ed58-e3cb-11e9-a457-6bf0b613dbe2,0LB53,Alpine Lily,2013-04-27,MTRS,16:23:00,17:16:00,Golf Course,Summer
901e94f0-e45f-11e9-a48a-676788ce920e,5d0595c2-e3cb-11e9-8f80-ffaf67a53f56,24013b6e-e3cb-11e9-a458-3ffee202a7bc,0FVD4,Chalk Maple,2013-05-07,TRF,13:01:00,18:19:00,Cambridge,Fall
901f3118-e45f-11e9-a48b-070a4550503e,5d05bcd2-e3cb-11e9-8f81-4f28365cd8d1,2401627e-e3cb-11e9-a459-6b937003341c,0JWS3,Oregon Buttercup,2013-05-22,MF,14:20:00,19:17:00,Lunder,Fall
901f3119-e45f-11e9-a48c-d70cc3b75e26,5d05bcd3-e3cb-11e9-8f82-abe172a24141,2401898e-e3cb-11e9-a45a-23659c6c95c7,0SB60,Phaeoceros,2013-06-08,M,17:45:00,20:00:00,Welch,Summer
901f311a-e45f-11e9-a48d-876b1023f362,5d05e3d8-e3cb-11e9-8f83-7736cb6330b2,2401d7a4-e3cb-11e9-a45b-bf56b4322858,F07L1,Leafy Blackberry,2013-06-22,WRS,12:11:00,18:27:00,Jenifer,Summer
901f311b-e45f-11e9-a48e-23c3acd5df11,5d060ae8-e3cb-11e9-8f84-1b4088fa43ad,2401feaa-e3cb-11e9-a45c-2328c385f688,037L0,Calymperes Moss,2013-06-23,TR,10:00:00,18:50:00,Bartillon,Fall
901f311c-e45f-11e9-a48f-670e3961ad91,5d0631ee-e3cb-11e9-8f85-4f38fde26207,240225b0-e3cb-11e9-a45d-13242514e334,0RGV4,Septicweed,2013-06-26,TW,12:25:00,13:59:00,Oneill,Spring
901fcd4e-e45f-11e9-a490-d7e0ea16277f,5d0658fe-e3cb-11e9-8f86-db4a1425be13,240273c6-e3cb-11e9-a45e-9773469fe73c,04U60,Kass' Draba,2013-06-28,TF,16:43:00,16:47:00,Lotheville,Summer
901fcd4f-e45f-11e9-a491-33cb2dedf71c,5d068004-e3cb-11e9-8f87-3f8117b8e247,24029acc-e3cb-11e9-a45f-07b33ead673c,0NRK3,Citron,2013-06-29,MTR,18:09:00,19:25:00,Bowman,Spring
901fcd50-e45f-11e9-a492-b311cdb2413f,5d06a70a-e3cb-11e9-8f88-5b88e26cf645,2402c1dc-e3cb-11e9-a460-ffefc670849d,0FJB0,Atlantic Pigeonwings,2013-07-09,TS,10:14:00,17:52:00,Sutteridge,Spring
901fcd51-e45f-11e9-a493-0f63b18aeede,5d06ce10-e3cb-11e9-8f89-930e9562b7e0,2402e8e2-e3cb-11e9-a461-a3fd5a398fb8,0T544,Fivepetal Leaf-flower,2013-07-16,RFS,14:22:00,20:00:00,Kropf,Summer
9020698e-e45f-11e9-a494-3f320cc46d60,5d06f520-e3cb-11e9-8f8a-53a5bc43daa5,240336f8-e3cb-11e9-a462-372732212b1a,02UX0,Woodvamp,2013-07-23,RS,13:26:00,15:41:00,Browning,Fall
9020698f-e45f-11e9-a495-7be136696039,5d071c26-e3cb-11e9-8f8b-0b8eb6905f11,24035dfe-e3cb-11e9-a463-b77a0b87b643,03C40,Thorny Popolo,2013-08-06,MF,14:45:00,20:00:00,Lillian,Fall
90206990-e45f-11e9-a496-330cb01963f9,5d07432c-e3cb-11e9-8f8c-df7fc77d3e54,24038504-e3cb-11e9-a464-0b6dfa689a12,0WW40,Fremont's Chaffbush,2013-08-13,TWF,12:26:00,20:00:00,Burning Wood,Fall
90206991-e45f-11e9-a497-7749b2adca71,5d076a3c-e3cb-11e9-8f8d-4b3fae2598d4,2403ac14-e3cb-11e9-a465-2b9c06564ebb,0Y6N0,San Clemente Island Woodland-star,2013-08-21,MRS,15:00:00,20:00:00,Toban,Spring
90206992-e45f-11e9-a498-930dc4000109,5d079142-e3cb-11e9-8f8e-53e3cec57009,2403d31a-e3cb-11e9-a466-875b95539ba8,0SW73,Giant Lousewort,2013-08-22,WS,08:02:00,16:37:00,Onsgard,Spring
902105ba-e45f-11e9-a499-ebd2f59e3ad0,5d07b852-e3cb-11e9-8f8f-872a7a270474,2403fa2a-e3cb-11e9-a467-8b61035f2d98,03Q70,Sunset Crater Beardtongue,2013-09-11,R,07:28:00,10:23:00,Oak,Summer
902105bb-e45f-11e9-a49a-efac55091eef,5d07df6c-e3cb-11e9-8f90-93046103d5b7,24042144-e3cb-11e9-a468-7bd2a30894df,0QP40,Menzies' Tansymustard,2013-09-18,MWRF,11:53:00,20:11:00,Southridge,Spring
9021a1a0-e45f-11e9-a49b-fb7599a1051d,5d080672-e3cb-11e9-8f91-9f239e176814,24046f6e-e3cb-11e9-a469-a7a5d48ceb2f,0L810,Parry's Rabbitbrush,2013-09-18,WS,15:53:00,18:38:00,Springs,Spring
90223dc2-e45f-11e9-a49c-fb45c670828d,5d082d78-e3cb-11e9-8f92-1f9936a581d3,2404966a-e3cb-11e9-a46a-eb9b2c0fb721,06VP0,Gray Goldenrod,2013-09-19,MF,11:49:00,15:26:00,Miller,Spring
9022db10-e45f-11e9-a49d-b74bc3674bce,5d08547e-e3cb-11e9-8f93-431bf4cedc45,2404bd7a-e3cb-11e9-a46b-abf884f49072,0NC23,Paradise Tansymustard,2013-10-04,MRF,14:12:00,20:00:00,Havey,Summer
9023773c-e45f-11e9-a49e-87c4e88f750d,5d087b84-e3cb-11e9-8f94-1b7d27388e44,24050b72-e3cb-11e9-a46c-2b022a41fe97,0QPC4,Beautiful Aster,2013-10-05,TS,16:13:00,20:00:00,Sutherland,Spring
9024afa8-e45f-11e9-a49f-cba8d7deef4a,5d08a294-e3cb-11e9-8f95-fbb16e5fdcda,24053278-e3cb-11e9-a46d-b31b97231b9c,089V0,Willowleaf Aster,2013-10-09,R,09:40:00,10:59:00,Main,Summer
90254bde-e45f-11e9-a4a0-8b3aaf52d890,5d08c9c2-e3cb-11e9-8f96-47cdf3c81977,240580a2-e3cb-11e9-a46e-ab677f62609c,0SB50,Rockweed,2013-10-13,MTW,15:43:00,16:08:00,Manley,Spring
9025e814-e45f-11e9-a4a1-57b53b565178,5d08c9c3-e3cb-11e9-8f97-03e297ff02d1,2405a82a-e3cb-11e9-a46f-db4a40758356,041C0,Longflower Tuberose,2013-10-13,T,07:20:00,09:15:00,High Crossing,Summer
90272080-e45f-11e9-a4a2-1f99cd38e963,5d08f0aa-e3cb-11e9-8f98-bbb7edf9ae2e,24061d3c-e3cb-11e9-a470-9f33415bb88d,0D1N8,Wedgeleaf Draba,2013-10-26,MTWR,15:29:00,20:13:00,Stang,Summer
9027bcb6-e45f-11e9-a4a3-ef642b5c68f7,5d0917b0-e3cb-11e9-8f99-bb3f6a111dc9,240643d4-e3cb-11e9-a471-03e56dd8483b,0SHK4,Arizona Cottonrose,2013-11-04,MWRF,16:59:00,20:00:00,Cambridge,Spring
9027bcb7-e45f-11e9-a4a4-9ff987f5016d,5d093eb6-e3cb-11e9-8f9a-078bad2dbc62,24066ada-e3cb-11e9-a472-6f3a5fb18c88,0RG03,Baltzell's Sedge,2013-11-05,MRF,07:11:00,15:24:00,Daystar,Spring
9027bcb8-e45f-11e9-a4a5-7f27fe49c528,5d0965c6-e3cb-11e9-8f9b-c7f287c38493,24069258-e3cb-11e9-a473-d78ff025ac47,4A1J7,Norwegian Angelica,2013-11-14,TWRS,11:09:00,17:33:00,Monterey,Spring
9028581a-e45f-11e9-a4a6-bbbac1b5db81,5d098ccc-e3cb-11e9-8f9c-337a00a74149,2406b968-e3cb-11e9-a474-abc1f5be99df,0RCM0,Northern Singlespike Sedge,2013-11-17,MTRF,08:04:00,09:08:00,Cardinal,Summer
9028f3d8-e45f-11e9-a4a7-6f79b0fcb281,5d09b3dc-e3cb-11e9-8f9d-d3a975b5a90f,2406e06e-e3cb-11e9-a475-6759ea0b39bc,06L33,Texan Great Ragweed,2013-11-20,S,11:34:00,19:06:00,Bartelt,Spring
90299158-e45f-11e9-a4a8-7ff0ab9d6b15,5d09daec-e3cb-11e9-8f9e-6f67a23c05c9,2407077e-e3cb-11e9-a476-c38a2befbfd7,0RG43,Barnacle Lichen,2013-11-21,W,13:39:00,20:00:00,Lunder,Spring
902a2c4e-e45f-11e9-a4a9-8bc9224be6cb,5d0a01f2-e3cb-11e9-8f9f-43140f3ea106,24072e84-e3cb-11e9-a477-532258583846,0T134,Broadleaf Signalgrass,2013-11-22,TW,11:12:00,20:00:00,Raven,Fall
902ac9c4-e45f-11e9-a4aa-27a1b298c926,5d0a28f8-e3cb-11e9-8fa0-077efd7e6c0d,24075594-e3cb-11e9-a478-c315d9a694fc,0SGN3,Freckled Milkvetch,2013-12-12,WS,18:38:00,20:00:00,Sunbrook,Summer
902b64ba-e45f-11e9-a4ab-5fd6e05e1931,5d0a5008-e3cb-11e9-8fa1-97c1c9ec4a35,24077c9a-e3cb-11e9-a479-6354ddd4d2d5,0Q850,Angleleaf Miterwort,2013-12-18,MTR,11:55:00,20:00:00,Sachs,Summer
902c9d30-e45f-11e9-a4ac-abb3106162e7,5d0a770e-e3cb-11e9-8fa2-f7eeb7f8231c,2407a3aa-e3cb-11e9-a47a-2379191142cf,08BY0,Coyotillo,2013-12-29,WF,15:16:00,18:24:00,Lindbergh,Fall
902d3a9c-e45f-11e9-a4ad-d36ebfdcb61a,5d0a9e1e-e3cb-11e9-8fa3-5f8db0242174,23fe2ea6-e3cb-11e9-a449-43ae922fe9d9,0MBM0,Rough Avens,2013-12-29,MW,13:39:00,14:25:00,Hanson,Spring
902dd5a6-e45f-11e9-a4ae-d3bf86d0db82,5d0ac524-e3cb-11e9-8fa4-539e26619810,23fef1d8-e3cb-11e9-a44a-0b17727bf406,03UJ4,Fringed Orchid,2014-01-12,MW,07:08:00,10:09:00,Riverside,Fall
902e7308-e45f-11e9-a4af-9fba7c136f33,5d0aec2a-e3cb-11e9-8fa5-ffb012ba04a5,23ff18e8-e3cb-11e9-a44b-fb564150cc8a,0N8N4,Redtop Panicgrass,2014-01-19,S,17:36:00,20:00:00,American,Fall
902f0f3e-e45f-11e9-a4b0-4b34a2bbc5ea,5d0b1330-e3cb-11e9-8fa6-97127b4e94be,23ff3fe4-e3cb-11e9-a44c-2f0b03e8de8b,0C9QX,Buckley's Fluffgrass,2014-01-21,W,09:46:00,13:16:00,Corscot,Fall
902faa34-e45f-11e9-a4b1-9ff9c72b7dd9,5d0b3a40-e3cb-11e9-8fa7-0bd5174f581c,23ff66fe-e3cb-11e9-a44d-dffb1564461a,0X690,Western Rattlesnake Plantain,2014-01-21,WFS,11:53:00,15:21:00,Westport,Summer
902faa35-e45f-11e9-a4b2-d7c240831a09,5d0b6146-e3cb-11e9-8fa8-afd9ffe433d7,23ff8dfa-e3cb-11e9-a44e-9b2165cef09b,0SHF4,Western Springbeauty,2014-01-24,T,10:49:00,13:15:00,Bowman,Fall
902faa36-e45f-11e9-a4b3-7f9731ae9e0f,5d0b8856-e3cb-11e9-8fa9-93ed59c5c24f,23ffb500-e3cb-11e9-a44f-8b4795c9ce4a,0QS0X,Beach Pea,2014-02-08,WRFS,17:51:00,20:00:00,Kingsford,Fall
902faa37-e45f-11e9-a4b4-dbfa944e10a9,5d0b8857-e3cb-11e9-8faa-5f02feb3578f,23ffdc10-e3cb-11e9-a450-8b64523f1f94,2W56X,Egyptian Carissa,2014-02-08,T,11:45:00,16:05:00,Southridge,Summer
903046d8-e45f-11e9-a4b5-d345cf64fcbe,5d0baf5c-e3cb-11e9-8fab-475d4bd1e50d,24000320-e3cb-11e9-a451-d71a9b77b2ba,05HB4,Desert Indianwheat,2014-02-21,MTWF,10:36:00,20:00:00,Nancy,Spring
9030e304-e45f-11e9-a4b6-e33e5bc46799,5d0bd662-e3cb-11e9-8fac-7fb7a631a16c,24002a26-e3cb-11e9-a452-53e1d70cdb01,0PRJ3,Curly Wallflower,2014-02-24,MTRF,07:18:00,20:04:00,Ridgeview,Summer
90317f1c-e45f-11e9-a4b7-1fa5110eb314,5d0bfd72-e3cb-11e9-8fad-4780d9807328,24005136-e3cb-11e9-a453-cf258411afae,0RNG3,Swamp Peperomia,2014-03-15,MWRS,12:22:00,20:00:00,Steensland,Spring
90321c4c-e45f-11e9-a4b8-67e9865a757a,5d0c2478-e3cb-11e9-8fae-c720e032d9b1,2400783c-e3cb-11e9-a454-af9ada70a8fb,04LL0,Coulter's Stickpea,2014-03-19,MTS,07:51:00,18:51:00,Pankratz,Spring
9032b878-e45f-11e9-a4b9-a31af39d4043,5d0c4b88-e3cb-11e9-8faf-fbb2139a77cb,24009f4c-e3cb-11e9-a455-9f3551648910,0LXN4,Buffalo Hawthorn,2014-03-19,MTR,17:54:00,20:00:00,Sundown,Spring
9033540e-e45f-11e9-a4ba-4f4a1027558b,5d0c728e-e3cb-11e9-8fb0-1b07a600cba2,2400c652-e3cb-11e9-a456-6f9cffa57954,0NBF4,Sticky Chickweed,2014-03-20,T,11:09:00,16:42:00,Schiller,Fall
9033540f-e45f-11e9-a4bb-03b826b7425e,5d0c999e-e3cb-11e9-8fb1-0f0d2ee4cab4,2400ed58-e3cb-11e9-a457-6bf0b613dbe2,02US4,Broad Fleabane,2014-03-27,W,17:49:00,20:00:00,Old Shore,Fall
90335410-e45f-11e9-a4bc-9fe5c04f6eeb,5d0cc0a4-e3cb-11e9-8fb2-2b4d69a60060,24013b6e-e3cb-11e9-a458-3ffee202a7bc,05QB3,Crispleaf Buckwheat,2014-04-01,TW,07:23:00,14:34:00,Bayside,Spring
90335411-e45f-11e9-a4bd-0ff0566b56fd,5d0ce7b4-e3cb-11e9-8fb3-5bef6e2fdad8,2401627e-e3cb-11e9-a459-6b937003341c,0MSJ0,Desertparsley,2014-04-01,W,08:01:00,08:45:00,Michigan,Summer
90335412-e45f-11e9-a4be-8fc529204832,5d0d0ece-e3cb-11e9-8fb4-1fd62e5b592d,2401898e-e3cb-11e9-a45a-23659c6c95c7,30250,Maidenhair Fern,2014-04-05,M,16:36:00,16:42:00,Nobel,Spring
9033f044-e45f-11e9-a4bf-973e9ac7a877,5d0d35b6-e3cb-11e9-8fb5-0f2980ff9fb9,2401d7a4-e3cb-11e9-a45b-bf56b4322858,061S0,Psilopilum Moss,2014-04-07,TWRS,09:28:00,16:05:00,Macpherson,Spring
9033f045-e45f-11e9-a4c0-3baf08355101,5d0d5cd0-e3cb-11e9-8fb6-d7244b342906,2401feaa-e3cb-11e9-a45c-2328c385f688,0S9M0,Fissidens Moss,2014-04-16,R,18:18:00,20:00:00,Haas,Spring
9033f046-e45f-11e9-a4c1-cb159268dbac,5d0d83e0-e3cb-11e9-8fb7-7b348e8eb50c,240225b0-e3cb-11e9-a45d-13242514e334,0Q983,Russian Thistle,2014-04-20,TFS,18:06:00,20:01:00,Namekagon,Summer
9033f047-e45f-11e9-a4c2-cb3875533a96,5d0d83e1-e3cb-11e9-8fb8-c3e4fb046c88,240273c6-e3cb-11e9-a45e-9773469fe73c,0QSH0,Tropical Ladies'-tresses,2014-04-25,MF,18:43:00,20:00:00,Briar Crest,Summer
90348c70-e45f-11e9-a4c3-9f622e3a13e0,5d0daae6-e3cb-11e9-8fb9-9b4d8418a3d7,24029acc-e3cb-11e9-a45f-07b33ead673c,04HK3,Striped Cottonthorn,2014-04-29,MS,15:01:00,19:31:00,Arkansas,Summer
90348c71-e45f-11e9-a4c4-c75b04772079,5d0dd1ec-e3cb-11e9-8fba-7b6e047ddc74,2402c1dc-e3cb-11e9-a460-ffefc670849d,0UJD4,False Goldenaster,2014-05-01,TS,13:59:00,20:00:00,Anderson,Spring
90348c72-e45f-11e9-a4c5-93f19c347c14,5d0df8fc-e3cb-11e9-8fbb-2baf0a0e472f,2402e8e2-e3cb-11e9-a461-a3fd5a398fb8,0MNB4,Tamarisk,2014-05-09,FS,07:53:00,17:01:00,Golden Leaf,Fall
90348c73-e45f-11e9-a4c6-23b2a8a54a74,5d0e2002-e3cb-11e9-8fbc-a3811336bef1,240336f8-e3cb-11e9-a462-372732212b1a,0WWG4,Twinberry,2014-05-14,T,18:29:00,20:00:00,Tomscot,Spring
90348c74-e45f-11e9-a4c7-1f337f8dce8f,5d0e4708-e3cb-11e9-8fbd-930334d703a3,24035dfe-e3cb-11e9-a463-b77a0b87b643,0FPD3,African Star Apple,2014-05-18,WRS,09:47:00,19:44:00,Farragut,Spring
903528a6-e45f-11e9-a4c8-fbc6843beaac,5d0e6e18-e3cb-11e9-8fbe-4bb39f48a2cb,24038504-e3cb-11e9-a464-0b6dfa689a12,04HS0,Benitoa,2014-05-19,TFS,07:13:00,12:11:00,Bonner,Summer
9035c586-e45f-11e9-a4c9-135e1e8bd4ad,5d0e9528-e3cb-11e9-8fbf-ef94c34d78bc,2403ac14-e3cb-11e9-a465-2b9c06564ebb,06PY0,Shell Lichen,2014-05-28,T,08:10:00,10:52:00,Reindahl,Spring
903661c6-e45f-11e9-a4ca-ab86584cafae,5d0ebc2e-e3cb-11e9-8fc0-f76143467562,2403d31a-e3cb-11e9-a466-875b95539ba8,051C0,Chinese-pepper,2014-05-28,WRS,09:58:00,14:13:00,Buhler,Summer
9036fdf2-e45f-11e9-a4cb-23358c33cb9e,5d0ee334-e3cb-11e9-8fc1-0300057e4bef,2403fa2a-e3cb-11e9-a467-8b61035f2d98,02BP3,Fragrant Ash,2014-05-29,WF,09:43:00,11:49:00,Killdeer,Fall
90379a28-e45f-11e9-a4cc-db3ee3013f61,5d0f0a44-e3cb-11e9-8fc2-c37ca930d31b,24042144-e3cb-11e9-a468-7bd2a30894df,0DFF4,Rosinweed,2014-05-29,MWS,15:26:00,15:48:00,Esch,Summer
90379a29-e45f-11e9-a4cd-f79ea508db58,5d0f314a-e3cb-11e9-8fc3-1f04f108412a,24046f6e-e3cb-11e9-a469-a7a5d48ceb2f,0WW90,Tundra Alkaligrass,2014-06-05,R,17:24:00,20:00:00,North,Summer
90383668-e45f-11e9-a4ce-6b7ff108168f,5d0f585a-e3cb-11e9-8fc4-3f3b95a60deb,2404966a-e3cb-11e9-a46a-eb9b2c0fb721,0LBW0,Ajowan Caraway,2014-07-01,MF,18:27:00,19:15:00,Maple,Fall
9038d29e-e45f-11e9-a4cf-030e9c0ca664,5d0f7f60-e3cb-11e9-8fc5-c738b8b0d1eb,2404bd7a-e3cb-11e9-a46b-abf884f49072,0D7N7,Pore Lichen,2014-07-12,MFS,13:52:00,20:00:00,Aberg,Spring
90396ed4-e45f-11e9-a4d0-9740555cd66c,5d0fa666-e3cb-11e9-8fc6-43cb523377b3,24050b72-e3cb-11e9-a46c-2b022a41fe97,0DB17,Arrowweed,2014-07-15,MW,14:19:00,20:00:00,Shasta,Summer
90396ed5-e45f-11e9-a4d1-e3fd32b6858a,5d0fa667-e3cb-11e9-8fc7-ef69b9c46515,24053278-e3cb-11e9-a46d-b31b97231b9c,06V10,Hybrid Oak,2014-07-23,T,07:11:00,15:37:00,Shopko,Fall
90396ed6-e45f-11e9-a4d2-436761b53aed,5d0fcd6c-e3cb-11e9-8fc8-37ada49bb2e5,240580a2-e3cb-11e9-a46e-ab677f62609c,0D9A0,Slimleaf Drymary,2014-07-27,MF,07:01:00,09:26:00,Stuart,Spring
90396ed7-e45f-11e9-a4d3-67a366bc5c8c,5d0ff47c-e3cb-11e9-8fc9-73352556a132,2405a82a-e3cb-11e9-a46f-db4a40758356,031B0,Gray Gum,2014-08-04,F,14:25:00,18:35:00,Dahle,Spring
903a0a56-e45f-11e9-a4d4-a7cc2e7f0d8d,5d101b8c-e3cb-11e9-8fca-637b46847744,24061d3c-e3cb-11e9-a470-9f33415bb88d,02QT3,Fall Rosette Grass,2014-08-09,MWR,11:03:00,20:00:00,Esker,Spring
903a0a57-e45f-11e9-a4d5-8b2c410f7370,5d104292-e3cb-11e9-8fcb-d768968cb93e,240643d4-e3cb-11e9-a471-03e56dd8483b,0TPD4,Tuberous Vervain,2014-08-12,R,15:30:00,20:00:00,Oriole,Spring
903a0a58-e45f-11e9-a4d6-97f2c66fba91,5d106998-e3cb-11e9-8fcc-5ba356b30c66,24066ada-e3cb-11e9-a472-6f3a5fb18c88,0WWJX,Littleleaf False Tamarind,2014-08-13,WS,10:49:00,16:44:00,Texas,Fall
903a0a59-e45f-11e9-a4d7-8fabd5d6d0d6,5d1090a8-e3cb-11e9-8fcd-33e2f3e387fb,24069258-e3cb-11e9-a473-d78ff025ac47,B706Y,Dark Noseburn,2014-08-18,MF,10:58:00,13:32:00,Old Shore,Fall
903a0a5a-e45f-11e9-a4d8-8724cbc471f4,5d10b7ae-e3cb-11e9-8fce-53b5b32b6033,2406b968-e3cb-11e9-a474-abc1f5be99df,0BPT7,California Woodsorrel,2014-08-21,MTFS,11:53:00,16:07:00,Canary,Summer
903aa68c-e45f-11e9-a4d9-f3623d0e221f,5d10debe-e3cb-11e9-8fcf-dbc94a1a7dc4,2406e06e-e3cb-11e9-a475-6759ea0b39bc,0PBS0,Cape Primrose,2014-08-24,TFS,09:01:00,15:35:00,Blackbird,Summer
903aa68d-e45f-11e9-a4da-37e167b00443,5d1105ce-e3cb-11e9-8fd0-a7b139bc13ed,2407077e-e3cb-11e9-a476-c38a2befbfd7,0NWW3,Tall Jointweed,2014-08-26,WR,09:17:00,19:06:00,Meadow Vale,Spring
903aa68e-e45f-11e9-a4db-dfcd76520c2d,5d112cd4-e3cb-11e9-8fd1-932ed37373ed,24072e84-e3cb-11e9-a477-532258583846,0LUJ0,Disc Lichen,2014-08-28,TWRF,17:08:00,18:12:00,Sunbrook,Summer
903b42a4-e45f-11e9-a4dc-1303cdfa4b47,5d1153da-e3cb-11e9-8fd2-571e393a0849,24075594-e3cb-11e9-a478-c315d9a694fc,0TUC4,Rusby's Milkweed,2014-09-02,TWS,13:34:00,20:00:00,Oak,Spring
903b42a5-e45f-11e9-a4dd-db5fd72c8032,5d117ae0-e3cb-11e9-8fd3-23daa358f555,24077c9a-e3cb-11e9-a479-6354ddd4d2d5,0QP23,Brownhair Lacefern,2014-09-08,MS,11:20:00,12:02:00,Hooker,Spring
903b42a6-e45f-11e9-a4de-2f757218f1bf,5d11a1f0-e3cb-11e9-8fd4-33461e272b31,2407a3aa-e3cb-11e9-a47a-2379191142cf,0CBR3,Alderleaf Mountain Mahogany,2014-09-15,MTWF,18:46:00,20:00:00,Clemons,Summer
903b42a7-e45f-11e9-a4df-9728b4dbc6f3,5d02b000-e3cb-11e9-8f71-e7217d9f6d9f,23fe2ea6-e3cb-11e9-a449-43ae922fe9d9,05V33,Old World Forkedfern,2014-10-07,MWRS,07:06:00,19:58:00,Weeping Birch,Fall
903b42a8-e45f-11e9-a4e0-3f64f814a28c,5d034c2c-e3cb-11e9-8f72-eb1c5478bad2,23fef1d8-e3cb-11e9-a44a-0b17727bf406,047J4,Abata Cola,2014-10-07,R,15:24:00,20:00:00,Jenna,Summer
903bdef8-e45f-11e9-a4e1-673de5aa435f,5d039a56-e3cb-11e9-8f73-eb5fcb1b3bd2,23ff18e8-e3cb-11e9-a44b-fb564150cc8a,0QWJX,Philoxerus,2014-10-12,RF,11:22:00,17:55:00,Pine View,Fall
903bdef9-e45f-11e9-a4e2-cb7887e52bec,5d03c15c-e3cb-11e9-8f74-a7f21575bf37,23ff3fe4-e3cb-11e9-a44c-2f0b03e8de8b,0BF13,Zacale,2014-10-15,MTWS,11:28:00,17:12:00,Nancy,Spring
903bdefa-e45f-11e9-a4e3-1b1785c89a7e,5d03e858-e3cb-11e9-8f75-5bfc29bf5cb3,23ff66fe-e3cb-11e9-a44d-dffb1564461a,6753,Macnab Oak,2014-10-22,MWRS,08:25:00,15:04:00,Center,Spring
903bdefb-e45f-11e9-a4e4-83ec1003fd68,5d040f68-e3cb-11e9-8f76-7b2e35aaa8b0,23ff8dfa-e3cb-11e9-a44e-9b2165cef09b,021W0,White Wormwood,2014-10-26,TWS,07:26:00,12:16:00,Service,Spring
903bdefc-e45f-11e9-a4e5-8fb19615cf37,5d04366e-e3cb-11e9-8f77-f7002654a8cc,23ffb500-e3cb-11e9-a44f-8b4795c9ce4a,DU2,False Candytuft,2014-10-28,RS,17:56:00,20:00:00,Crowley,Fall
903c7b2e-e45f-11e9-a4e6-678810c7b92c,5d045d74-e3cb-11e9-8f78-33f15550d01b,23ffdc10-e3cb-11e9-a450-8b64523f1f94,0YHL3,Twining Snoutbean,2014-11-15,TWR,15:07:00,17:22:00,Vermont,Fall
903c7b2f-e45f-11e9-a4e7-97f847199c8a,5d048484-e3cb-11e9-8f79-63a2ad75bda8,24000320-e3cb-11e9-a451-d71a9b77b2ba,2W4KX,Spotted Evening Primrose,2014-11-20,TW,14:52:00,20:00:00,Bartillon,Spring
903c7b30-e45f-11e9-a4e8-3f3f4240093c,5d04ab8a-e3cb-11e9-8f7a-7727694d46df,24002a26-e3cb-11e9-a452-53e1d70cdb01,0V9G4,Sperry's Onion,2014-11-20,TW,10:47:00,12:29:00,Esker,Summer
903c7b31-e45f-11e9-a4e9-b3bc1889a89b,5d04d29a-e3cb-11e9-8f7b-0364ed1591ad,24005136-e3cb-11e9-a453-cf258411afae,018R0,Tropical Bent,2014-11-26,TWRS,15:55:00,20:00:00,Paget,Spring
903d16ba-e45f-11e9-a4ea-e32d22e1779d,5d04f9a0-e3cb-11e9-8f7c-e3f49cc029df,2400783c-e3cb-11e9-a454-af9ada70a8fb,03CN3,Widgeonweed,2014-12-08,TRFS,16:05:00,20:00:00,Duke,Summer
903d16bb-e45f-11e9-a4eb-c3528dd68591,5d0520a6-e3cb-11e9-8f7d-d3fbfa19f57b,24009f4c-e3cb-11e9-a455-9f3551648910,05HR0,Lepisorus,2014-12-26,FS,08:45:00,20:00:00,Crescent Oaks,Spring
903d16bc-e45f-11e9-a4ec-43a61f7c7b14,5d0547ac-e3cb-11e9-8f7e-c7ce45b3f416,2400c652-e3cb-11e9-a456-6f9cffa57954,0Y9C0,Tower Rockcress,2014-12-28,RF,12:13:00,20:00:00,La Follette,Summer
903d16bd-e45f-11e9-a4ed-1be766b385a8,5d056ebc-e3cb-11e9-8f7f-33bfed7e03c3,2400ed58-e3cb-11e9-a457-6bf0b613dbe2,0QSB0,Oregon Sphagnum,2015-01-04,S,09:29:00,18:01:00,Victoria,Spring
903d16be-e45f-11e9-a4ee-3718ed9eff0f,5d0595c2-e3cb-11e9-8f80-ffaf67a53f56,24013b6e-e3cb-11e9-a458-3ffee202a7bc,02BS0,Ross' Avens,2015-01-10,MWS,15:18:00,20:00:00,Pepper Wood,Fall
903db3a4-e45f-11e9-a4ef-4bc9ac17aa56,5d05bcd2-e3cb-11e9-8f81-4f28365cd8d1,2401627e-e3cb-11e9-a459-6b937003341c,0TW58,Alpine Mirrorplant,2015-01-15,RF,09:09:00,20:04:00,Milwaukee,Fall
903db3a5-e45f-11e9-a4f0-13df3cb450af,5d05bcd3-e3cb-11e9-8f82-abe172a24141,2401898e-e3cb-11e9-a45a-23659c6c95c7,F07Z4,Hairy Bird's Beak,2015-01-21,TWFS,16:01:00,19:27:00,Esch,Fall
903db3a6-e45f-11e9-a4f1-1ba706992643,5d05e3d8-e3cb-11e9-8f83-7736cb6330b2,2401d7a4-e3cb-11e9-a45b-bf56b4322858,03VJ4,Weedin's Hedgehog Cactus,2015-01-30,TRFS,11:30:00,18:25:00,Lotheville,Spring
903db3a7-e45f-11e9-a4f2-9b6275344b9c,5d060ae8-e3cb-11e9-8f84-1b4088fa43ad,2401feaa-e3cb-11e9-a45c-2328c385f688,0CCX0,Nootka Rose,2015-02-04,MTF,16:04:00,20:00:00,Karstens,Summer
903db3a8-e45f-11e9-a4f3-5b1768a5a4e6,5d0631ee-e3cb-11e9-8f85-4f38fde26207,240225b0-e3cb-11e9-a45d-13242514e334,09NT4,'ohi'a Lehua,2015-02-13,MT,10:17:00,20:00:00,Gina,Summer
903e4fd0-e45f-11e9-a4f4-9b62eb09ef9b,5d0658fe-e3cb-11e9-8f86-db4a1425be13,240273c6-e3cb-11e9-a45e-9773469fe73c,06RD4,Bog Alkaligrass,2015-02-27,WFS,11:54:00,20:00:00,Roxbury,Fall
903e4fd1-e45f-11e9-a4f5-9fad69aab68f,5d068004-e3cb-11e9-8f87-3f8117b8e247,24029acc-e3cb-11e9-a45f-07b33ead673c,3E0N8,Coral Lead Lichen,2015-02-28,TFS,09:13:00,14:42:00,Parkside,Fall
903e4fd2-e45f-11e9-a4f6-7b9be419d0a9,5d06a70a-e3cb-11e9-8f88-5b88e26cf645,2402c1dc-e3cb-11e9-a460-ffefc670849d,4784,Common Tarweed,2015-03-07,T,13:30:00,20:00:00,Susan,Fall
903e4fd3-e45f-11e9-a4f7-032657f4dd23,5d06ce10-e3cb-11e9-8f89-930e9562b7e0,2402e8e2-e3cb-11e9-a461-a3fd5a398fb8,0T978,Psilopilum Moss,2015-03-12,TWR,15:20:00,20:00:00,Chinook,Fall
903eeb52-e45f-11e9-a4f8-d7c3ac933ea4,5d06f520-e3cb-11e9-8f8a-53a5bc43daa5,240336f8-e3cb-11e9-a462-372732212b1a,065R4,Hybrid Walnut,2015-03-20,WRF,09:46:00,15:33:00,La Follette,Spring
903eeb53-e45f-11e9-a4f9-8fbf7229063f,5d071c26-e3cb-11e9-8f8b-0b8eb6905f11,24035dfe-e3cb-11e9-a463-b77a0b87b643,163,Hooked Bristlegrass,2015-03-26,TRS,12:25:00,20:00:00,Nevada,Summer
903f8904-e45f-11e9-a4fa-bf9ce99943c4,5d07432c-e3cb-11e9-8f8c-df7fc77d3e54,24038504-e3cb-11e9-a464-0b6dfa689a12,BV030,Bristlecup Sandmat,2015-04-04,MWR,15:18:00,17:03:00,Buhler,Summer
90402530-e45f-11e9-a4fb-3335b77b8cba,5d076a3c-e3cb-11e9-8f8d-4b3fae2598d4,2403ac14-e3cb-11e9-a465-2b9c06564ebb,0KXJ4,Suksdorf's Desertparsley,2015-04-07,F,10:26:00,16:21:00,Texas,Summer
9040c166-e45f-11e9-a4fc-eb40faf63141,5d079142-e3cb-11e9-8f8e-53e3cec57009,2403d31a-e3cb-11e9-a466-875b95539ba8,0RGA3,Purple Pitcherplant,2015-04-11,TW,10:12:00,20:00:00,Kinsman,Fall
90415d92-e45f-11e9-a4fd-232eccb57b0f,5d07b852-e3cb-11e9-8f8f-872a7a270474,2403fa2a-e3cb-11e9-a467-8b61035f2d98,DD15B,Tough Bully,2015-04-23,WRS,14:24:00,20:00:00,Washington,Summer
9041f9c8-e45f-11e9-a4fe-47d877a9ac36,5d07df6c-e3cb-11e9-8f90-93046103d5b7,24042144-e3cb-11e9-a468-7bd2a30894df,0QW53,Orchardgrass,2015-04-26,MTW,17:59:00,19:24:00,Blaine,Spring
904295fe-e45f-11e9-a4ff-db2d5f9ed1aa,5d080672-e3cb-11e9-8f91-9f239e176814,24046f6e-e3cb-11e9-a469-a7a5d48ceb2f,037G3,Geranium,2015-05-02,MTWRS,09:22:00,15:07:00,South,Summer
904295ff-e45f-11e9-a500-4fce0c042c75,5d082d78-e3cb-11e9-8f92-1f9936a581d3,2404966a-e3cb-11e9-a46a-eb9b2c0fb721,C025D,Thismia,2015-05-09,F,10:08:00,15:13:00,Graceland,Summer
90429600-e45f-11e9-a501-7306f1eef2fa,5d08547e-e3cb-11e9-8f93-431bf4cedc45,2404bd7a-e3cb-11e9-a46b-abf884f49072,08W08,Tropical Chinchweed,2015-05-15,TW,14:40:00,17:38:00,Alpine,Summer
90433194-e45f-11e9-a502-a77a9bdc85de,5d087b84-e3cb-11e9-8f94-1b7d27388e44,24050b72-e3cb-11e9-a46c-2b022a41fe97,0QC84,Merismatium Lichen,2015-06-11,TRF,14:20:00,20:00:00,Burning Wood,Fall
90433195-e45f-11e9-a503-ebf8b2f2e170,5d08a294-e3cb-11e9-8f95-fbb16e5fdcda,24053278-e3cb-11e9-a46d-b31b97231b9c,0WP2X,Yukon Wheatgrass,2015-06-15,W,14:52:00,16:40:00,Thompson,Spring
90433196-e45f-11e9-a504-7f34c354b277,5d08c9c2-e3cb-11e9-8f96-47cdf3c81977,240580a2-e3cb-11e9-a46e-ab677f62609c,0QPL4,Buckwheat,2015-06-17,FS,13:28:00,17:42:00,Evergreen,Fall
90433197-e45f-11e9-a505-47c92f03ab6a,5d08c9c3-e3cb-11e9-8f97-03e297ff02d1,2405a82a-e3cb-11e9-a46f-db4a40758356,0LR74,Cuachilote,2015-06-17,R,17:06:00,20:00:00,Cardinal,Spring
90433198-e45f-11e9-a506-6b42cc4bdb9d,5d08f0aa-e3cb-11e9-8f98-bbb7edf9ae2e,24061d3c-e3cb-11e9-a470-9f33415bb88d,0JHH3,Alpine Clubrush,2015-06-20,TRS,16:08:00,20:00:00,Mendota,Summer
9043cdc0-e45f-11e9-a507-635a9b652ccd,5d0917b0-e3cb-11e9-8f99-bb3f6a111dc9,240643d4-e3cb-11e9-a471-03e56dd8483b,037R3,Tuberous Springbeauty,2015-06-22,MS,17:56:00,19:21:00,Vidon,Fall
9043cdc1-e45f-11e9-a508-d7b51fd2c07d,5d093eb6-e3cb-11e9-8f9a-078bad2dbc62,24066ada-e3cb-11e9-a472-6f3a5fb18c88,0V1Q0,Chihuahua Tansyaster,2015-06-25,M,07:13:00,12:10:00,2nd,Summer
9043cdc2-e45f-11e9-a509-f31428c10f91,5d0965c6-e3cb-11e9-8f9b-c7f287c38493,24069258-e3cb-11e9-a473-d78ff025ac47,B3131,Giant Calliergon Moss,2015-06-27,MS,12:43:00,13:45:00,Wayridge,Summer
9043cdc3-e45f-11e9-a50a-7b0423b4090e,5d098ccc-e3cb-11e9-8f9c-337a00a74149,2406b968-e3cb-11e9-a474-abc1f5be99df,GZC,Snowy Orchid,2015-07-01,M,12:57:00,13:10:00,Straubel,Spring
9043cdc4-e45f-11e9-a50b-fba794b2b927,5d09b3dc-e3cb-11e9-8f9d-d3a975b5a90f,2406e06e-e3cb-11e9-a475-6759ea0b39bc,02QA3,Yellowdot Saxifrage,2015-07-22,TWFS,07:15:00,19:37:00,Acker,Fall
904469f6-e45f-11e9-a50c-237fdb762461,5d09daec-e3cb-11e9-8f9e-6f67a23c05c9,2407077e-e3cb-11e9-a476-c38a2befbfd7,2W0MX,Southern Jewelflower,2015-07-24,R,10:35:00,16:17:00,Rockefeller,Spring
904469f7-e45f-11e9-a50d-a3e661f00b38,5d0a01f2-e3cb-11e9-8f9f-43140f3ea106,24072e84-e3cb-11e9-a477-532258583846,0JQC0,Needleleaf Navarretia,2015-07-27,TWRS,15:53:00,20:11:00,Sunbrook,Summer
904469f8-e45f-11e9-a50e-e31a7c4380a6,5d0a28f8-e3cb-11e9-8fa0-077efd7e6c0d,24075594-e3cb-11e9-a478-c315d9a694fc,04B93,Longflower Cryptantha,2015-07-30,MTS,14:07:00,15:51:00,Harper,Spring
904469f9-e45f-11e9-a50f-730468e9dd5a,5d0a5008-e3cb-11e9-8fa1-97c1c9ec4a35,24077c9a-e3cb-11e9-a479-6354ddd4d2d5,0UNG7,Lace Hedgehog Cactus,2015-08-02,F,17:17:00,20:00:00,Carberry,Summer
90450636-e45f-11e9-a510-7ff330def55a,5d0a770e-e3cb-11e9-8fa2-f7eeb7f8231c,2407a3aa-e3cb-11e9-a47a-2379191142cf,27246,Dwarf Rose,2015-08-04,MS,10:48:00,20:00:00,Surrey,Fall
90450637-e45f-11e9-a511-0bcb0c28248c,5d0a9e1e-e3cb-11e9-8fa3-5f8db0242174,23fe2ea6-e3cb-11e9-a449-43ae922fe9d9,0XHD0,Desert Dodder,2015-08-17,MF,11:43:00,20:00:00,Killdeer,Fall
90450638-e45f-11e9-a512-7f05feaed20a,5d0ac524-e3cb-11e9-8fa4-539e26619810,23fef1d8-e3cb-11e9-a44a-0b17727bf406,0SUE0,Jersey Knapweed,2015-08-19,TWRFS,17:18:00,20:04:00,Lerdahl,Summer
90450639-e45f-11e9-a513-a7ccfd15647d,5d0aec2a-e3cb-11e9-8fa5-ffb012ba04a5,23ff18e8-e3cb-11e9-a44b-fb564150cc8a,F0130,Silky Lupine,2015-08-22,MTWRF,17:55:00,19:46:00,Debs,Spring
9045063a-e45f-11e9-a514-0727dd7de6d5,5d0b1330-e3cb-11e9-8fa6-97127b4e94be,23ff3fe4-e3cb-11e9-a44c-2f0b03e8de8b,03BV4,Carolina Horsenettle,2015-08-25,W,18:18:00,20:00:00,Dennis,Summer
9045a24e-e45f-11e9-a515-2b475789e375,5d0b3a40-e3cb-11e9-8fa7-0bd5174f581c,23ff66fe-e3cb-11e9-a44d-dffb1564461a,0QSM0,Sagebrush Combseed,2015-08-29,F,08:35:00,13:06:00,Kensington,Fall
9045a24f-e45f-11e9-a516-276c23e8b852,5d0b6146-e3cb-11e9-8fa8-afd9ffe433d7,23ff8dfa-e3cb-11e9-a44e-9b2165cef09b,0SJG0,Pygmy Racomitrium Moss,2015-09-02,WF,18:59:00,20:00:00,Bay,Spring
9045a250-e45f-11e9-a517-13f73d74090f,5d0b8856-e3cb-11e9-8fa9-93ed59c5c24f,23ffb500-e3cb-11e9-a44f-8b4795c9ce4a,02UA0,Toumey's Century Plant,2015-09-03,MFS,14:33:00,20:00:00,Artisan,Summer
9045a251-e45f-11e9-a518-cfbc6e475d10,5d0b8857-e3cb-11e9-8faa-5f02feb3578f,23ffdc10-e3cb-11e9-a450-8b64523f1f94,B52JZ,California Indian Potato,2015-09-16,MR,16:23:00,16:36:00,Vermont,Spring
9045a252-e45f-11e9-a519-4709431e8ed8,5d0baf5c-e3cb-11e9-8fab-475d4bd1e50d,24000320-e3cb-11e9-a451-d71a9b77b2ba,0T577,Starveling Milkvetch,2015-09-19,MRFS,07:59:00,15:19:00,Sunfield,Spring
90463e8e-e45f-11e9-a51a-dbfad60ad3c5,5d0bd662-e3cb-11e9-8fac-7fb7a631a16c,24002a26-e3cb-11e9-a452-53e1d70cdb01,0TJ57,Cutleaf Medick,2015-09-21,TWRF,13:11:00,14:05:00,Bluejay,Spring
90463e8f-e45f-11e9-a51b-c33647c9b796,5d0bfd72-e3cb-11e9-8fad-4780d9807328,24005136-e3cb-11e9-a453-cf258411afae,0SH93,Nicaraguan Fountaingrass,2015-09-24,T,15:19:00,20:00:00,Bayside,Summer
90463e90-e45f-11e9-a51c-ffa9d312e548,5d0c2478-e3cb-11e9-8fae-c720e032d9b1,2400783c-e3cb-11e9-a454-af9ada70a8fb,0JPS3,Muck Sunflower,2015-10-08,TF,09:47:00,20:00:00,Hanover,Summer
90463e91-e45f-11e9-a51d-3f88e39086c0,5d0c4b88-e3cb-11e9-8faf-fbb2139a77cb,24009f4c-e3cb-11e9-a455-9f3551648910,F08Z1,Cinquefoil,2015-10-11,M,13:58:00,20:00:00,Summit,Summer
9046db0a-e45f-11e9-a51e-6367d722308e,5d0c728e-e3cb-11e9-8fb0-1b07a600cba2,2400c652-e3cb-11e9-a456-6f9cffa57954,0SN33,Sessilefruit Arrowhead,2015-10-11,MWF,07:26:00,19:49:00,Scofield,Summer
9046db0b-e45f-11e9-a51f-179f4d4343ab,5d0c999e-e3cb-11e9-8fb1-0f0d2ee4cab4,2400ed58-e3cb-11e9-a457-6bf0b613dbe2,2104,Catillaria Lichen,2015-10-12,TFS,13:26:00,14:29:00,Sutherland,Fall
9046db0c-e45f-11e9-a520-7f11923a41ee,5d0cc0a4-e3cb-11e9-8fb2-2b4d69a60060,24013b6e-e3cb-11e9-a458-3ffee202a7bc,0TL37,Manyray Gumweed,2015-10-16,MWFS,18:58:00,20:00:00,Springs,Summer
9046db0d-e45f-11e9-a521-97c61873ebed,5d0ce7b4-e3cb-11e9-8fb3-5bef6e2fdad8,2401627e-e3cb-11e9-a459-6b937003341c,3E0N3,Dot Lichen,2015-10-18,TW,15:56:00,20:00:00,Algoma,Fall
9046db0e-e45f-11e9-a522-77ef92db14ae,5d0d0ece-e3cb-11e9-8fb4-1fd62e5b592d,2401898e-e3cb-11e9-a45a-23659c6c95c7,0DNQX,River False Buttonweed,2015-10-24,M,09:47:00,10:29:00,Tony,Spring
904776fa-e45f-11e9-a523-8f5764645d49,5d0d35b6-e3cb-11e9-8fb5-0f2980ff9fb9,2401d7a4-e3cb-11e9-a45b-bf56b4322858,0RHJ3,Valdivia Duckweed,2015-10-24,MS,17:19:00,20:00:00,High Crossing,Summer
90481312-e45f-11e9-a524-0f4ed45278bc,5d0d5cd0-e3cb-11e9-8fb6-d7244b342906,2401feaa-e3cb-11e9-a45c-2328c385f688,0FBF0,Brothera Moss,2015-10-29,WR,11:37:00,18:00:00,Mayfield,Spring
9048b010-e45f-11e9-a525-fbba3245881d,5d0d83e0-e3cb-11e9-8fb7-7b348e8eb50c,240225b0-e3cb-11e9-a45d-13242514e334,2W6AX,Jaboticaba,2015-10-31,TRF,09:15:00,12:51:00,Fisk,Spring
90494c46-e45f-11e9-a526-d3118a84cf70,5d0d83e1-e3cb-11e9-8fb8-c3e4fb046c88,240273c6-e3cb-11e9-a45e-9773469fe73c,00XH4,Peck's Beardtongue,2015-11-27,RS,10:37:00,20:00:00,Jackson,Fall
9049e872-e45f-11e9-a527-5304d5256a30,5d0daae6-e3cb-11e9-8fb9-9b4d8418a3d7,24029acc-e3cb-11e9-a45f-07b33ead673c,0YWB3,Fescue,2015-12-10,TWS,15:50:00,20:00:00,Bowman,Fall
9049e873-e45f-11e9-a528-d31917b80183,5d0dd1ec-e3cb-11e9-8fba-7b6e047ddc74,2402c1dc-e3cb-11e9-a460-ffefc670849d,3120,Algonquin Woodfern,2015-12-19,MTS,14:55:00,16:28:00,Larry,Summer
904a84a8-e45f-11e9-a529-7b41cd0a851a,5d0df8fc-e3cb-11e9-8fbb-2baf0a0e472f,2402e8e2-e3cb-11e9-a461-a3fd5a398fb8,9933,Moist Sowthistle,2015-12-24,F,13:20:00,19:37:00,Anniversary,Summer
904b1f80-e45f-11e9-a52a-0fd9866aa8f7,5d0e2002-e3cb-11e9-8fbc-a3811336bef1,240336f8-e3cb-11e9-a462-372732212b1a,0FWD0,Ceropegia,2015-12-29,RF,08:56:00,10:52:00,Gulseth,Fall
904b1f81-e45f-11e9-a52b-4fa183768243,5d0e4708-e3cb-11e9-8fbd-930334d703a3,24035dfe-e3cb-11e9-a463-b77a0b87b643,30250,Douglas' Knotweed,2015-12-31,M,10:34:00,16:27:00,Pond,Spring
904b1f82-e45f-11e9-a52c-7f1adc976875,5d0e6e18-e3cb-11e9-8fbe-4bb39f48a2cb,24038504-e3cb-11e9-a464-0b6dfa689a12,47000,Laurel Sumac,2016-01-08,TWF,09:33:00,20:00:00,Mayfield,Summer
904b1f83-e45f-11e9-a52d-f35ad59566b7,5d0e9528-e3cb-11e9-8fbf-ef94c34d78bc,2403ac14-e3cb-11e9-a465-2b9c06564ebb,07CG0,Searchlight Pricklypear,2016-01-13,R,10:04:00,18:27:00,Little Fleur,Summer
904b1f84-e45f-11e9-a52e-3bfa7a5fee07,5d0ebc2e-e3cb-11e9-8fc0-f76143467562,2403d31a-e3cb-11e9-a466-875b95539ba8,0JXN3,Longleaf Brake,2016-01-25,MS,08:13:00,12:07:00,Mifflin,Summer
904bbc74-e45f-11e9-a52f-ab16aa7e7849,5d0ee334-e3cb-11e9-8fc1-0300057e4bef,2403fa2a-e3cb-11e9-a467-8b61035f2d98,0XQ20,Sonoma Lessingia,2016-01-25,MF,09:49:00,10:45:00,Merry,Summer
904bbc75-e45f-11e9-a530-8b87c459983a,5d0f0a44-e3cb-11e9-8fc2-c37ca930d31b,24042144-e3cb-11e9-a468-7bd2a30894df,09NL7,Upright Burhead,2016-01-28,FS,11:19:00,20:00:00,Heffernan,Summer
904bbc76-e45f-11e9-a531-7f5376de997a,5d0f314a-e3cb-11e9-8fc3-1f04f108412a,24046f6e-e3cb-11e9-a469-a7a5d48ceb2f,009R0,'hycrest',2016-02-04,WS,10:31:00,14:10:00,Buell,Spring
904bbc77-e45f-11e9-a532-6be8d26c1bb8,5d0f585a-e3cb-11e9-8fc4-3f3b95a60deb,2404966a-e3cb-11e9-a46a-eb9b2c0fb721,047J0,Chilean Waterwort,2016-02-05,WF,18:00:00,20:00:00,Petterle,Fall
904bbc78-e45f-11e9-a533-db28aa55bfda,5d0f7f60-e3cb-11e9-8fc5-c738b8b0d1eb,2404bd7a-e3cb-11e9-a46b-abf884f49072,0JJSX,Goldeneye,2016-02-06,MTS,08:00:00,09:08:00,Maywood,Spring
904c58aa-e45f-11e9-a534-f74a5d3acd20,5d0fa666-e3cb-11e9-8fc6-43cb523377b3,24050b72-e3cb-11e9-a46c-2b022a41fe97,00BA4,Schweinitz's Dotted Lichen,2016-02-23,TWF,14:17:00,16:40:00,Grim,Fall
904c58ab-e45f-11e9-a535-4f570caba2a5,5d0fa667-e3cb-11e9-8fc7-ef69b9c46515,24053278-e3cb-11e9-a46d-b31b97231b9c,08B53,Canelo Lady's Tresses,2016-03-04,TWRS,16:22:00,20:00:00,Graedel,Spring
904c58ac-e45f-11e9-a536-73f41a382cf7,5d0fcd6c-e3cb-11e9-8fc8-37ada49bb2e5,240580a2-e3cb-11e9-a46e-ab677f62609c,0Q910,Be Still Tree,2016-03-06,MTW,09:09:00,12:56:00,Northport,Fall
904c58ad-e45f-11e9-a537-d7be31ff6af6,5d0ff47c-e3cb-11e9-8fc9-73352556a132,2405a82a-e3cb-11e9-a46f-db4a40758356,0G9B3,Chihuahuan Groundcherry,2016-03-09,TWRS,09:28:00,20:00:00,Schlimgen,Spring
904cf4d6-e45f-11e9-a538-ebc3c4216f60,5d101b8c-e3cb-11e9-8fca-637b46847744,24061d3c-e3cb-11e9-a470-9f33415bb88d,03U04,Siberian Larch,2016-03-16,WS,11:32:00,12:18:00,Sauthoff,Summer
904cf4d7-e45f-11e9-a539-77fe70856c73,5d104292-e3cb-11e9-8fcb-d768968cb93e,240643d4-e3cb-11e9-a471-03e56dd8483b,F08G5,Wai'anae Mountains False Lobelia,2016-03-20,TRS,10:36:00,19:41:00,Kipling,Spring
904cf4d8-e45f-11e9-a53a-e7b9d3725415,5d106998-e3cb-11e9-8fcc-5ba356b30c66,24066ada-e3cb-11e9-a472-6f3a5fb18c88,06SS3,Hawthorn,2016-03-24,MR,12:05:00,16:14:00,Sundown,Fall
904cf4d9-e45f-11e9-a53b-776513b623cf,5d1090a8-e3cb-11e9-8fcd-33e2f3e387fb,24069258-e3cb-11e9-a473-d78ff025ac47,DU109,Sedge,2016-04-04,F,12:45:00,15:24:00,Florence,Fall
904d9116-e45f-11e9-a53c-57cf92109971,5d10b7ae-e3cb-11e9-8fce-53b5b32b6033,2406b968-e3cb-11e9-a474-abc1f5be99df,025K3,Brachythecium Moss,2016-04-04,TRS,16:38:00,20:00:00,Delladonna,Spring
904d9117-e45f-11e9-a53d-4f3aa8b86cd4,5d10debe-e3cb-11e9-8fcf-dbc94a1a7dc4,2406e06e-e3cb-11e9-a475-6759ea0b39bc,03L34,Shasta Owl's-clover,2016-04-10,MRF,16:58:00,20:00:00,Milwaukee,Summer
904d9118-e45f-11e9-a53e-4b45551b490f,5d1105ce-e3cb-11e9-8fd0-a7b139bc13ed,2407077e-e3cb-11e9-a476-c38a2befbfd7,0UP80,Lewis' Heartleaf,2016-04-15,MTF,17:16:00,20:00:00,Brentwood,Fall
904d9119-e45f-11e9-a53f-73e53509e706,5d112cd4-e3cb-11e9-8fd1-932ed37373ed,24072e84-e3cb-11e9-a477-532258583846,4903,Violet Wild Petunia,2016-04-20,MT,17:10:00,20:00:00,Dakota,Spring
904d911a-e45f-11e9-a540-5738f9eb9749,5d1153da-e3cb-11e9-8fd2-571e393a0849,24075594-e3cb-11e9-a478-c315d9a694fc,F0DZ1,Molokai Twinsorus Fern,2016-04-30,MTRFS,13:32:00,16:54:00,Sachs,Fall
904e2d4c-e45f-11e9-a541-1f676ad2627b,5d117ae0-e3cb-11e9-8fd3-23daa358f555,24077c9a-e3cb-11e9-a479-6354ddd4d2d5,D0074,Canada Toadflax,2016-06-09,MTRS,16:18:00,20:00:00,Jenna,Summer
904e2d4d-e45f-11e9-a542-ebf7250c8d9d,5d11a1f0-e3cb-11e9-8fd4-33461e272b31,2407a3aa-e3cb-11e9-a47a-2379191142cf,04HQ4,Garovagl's Rim Lichen,2016-06-14,S,15:02:00,19:31:00,Everett,Fall
904e2d4e-e45f-11e9-a543-7f86a097588f,5d02b000-e3cb-11e9-8f71-e7217d9f6d9f,23fe2ea6-e3cb-11e9-a449-43ae922fe9d9,03R20,Jelly Lichen,2016-06-23,TRF,17:54:00,20:00:00,Derek,Spring
904e2d4f-e45f-11e9-a544-63247a885092,5d034c2c-e3cb-11e9-8f72-eb1c5478bad2,23fef1d8-e3cb-11e9-a44a-0b17727bf406,047S0,White Wand Beardtongue,2016-06-30,R,15:11:00,20:00:00,Meadow Valley,Spring
904e2d50-e45f-11e9-a545-2bc850c521ee,5d039a56-e3cb-11e9-8f73-eb5fcb1b3bd2,23ff18e8-e3cb-11e9-a44b-fb564150cc8a,F07H3,California Fiddleleaf,2016-07-03,RF,07:12:00,13:18:00,Marcy,Fall
904ec978-e45f-11e9-a546-43988fa4d4ee,5d03c15c-e3cb-11e9-8f74-a7f21575bf37,23ff3fe4-e3cb-11e9-a44c-2f0b03e8de8b,0MC04,Matricary Grapefern,2016-07-05,T,09:52:00,20:00:00,Stone Corner,Spring
904ec979-e45f-11e9-a547-53b59db534d8,5d03e858-e3cb-11e9-8f75-5bfc29bf5cb3,23ff66fe-e3cb-11e9-a44d-dffb1564461a,B512Y,Cottonwood Springs Suncup,2016-07-11,MWRS,11:42:00,19:27:00,Utah,Spring
904ec97a-e45f-11e9-a548-4fe36d9ba5f0,5d040f68-e3cb-11e9-8f76-7b2e35aaa8b0,23ff8dfa-e3cb-11e9-a44e-9b2165cef09b,0LSG0,Tennessee Pondweed,2016-07-15,TWRFS,12:11:00,16:41:00,Holy Cross,Spring
904ec97b-e45f-11e9-a549-4338044a7f5c,5d04366e-e3cb-11e9-8f77-f7002654a8cc,23ffb500-e3cb-11e9-a44f-8b4795c9ce4a,0FBD3,Moss Phlox,2016-07-16,TR,09:55:00,15:33:00,Caliangt,Summer
904f65b8-e45f-11e9-a54a-b734c537ad1c,5d045d74-e3cb-11e9-8f78-33f15550d01b,23ffdc10-e3cb-11e9-a450-8b64523f1f94,DD013,Slender Mariposa Lily,2016-07-17,MFS,16:09:00,20:00:00,Holy Cross,Spring
904f65b9-e45f-11e9-a54b-afac930e67d9,5d048484-e3cb-11e9-8f79-63a2ad75bda8,24000320-e3cb-11e9-a451-d71a9b77b2ba,0PPH3,Maronea Lichen,2016-07-21,RF,09:33:00,17:43:00,Reindahl,Summer
90500298-e45f-11e9-a54c-1754fb47d051,5d04ab8a-e3cb-11e9-8f7a-7727694d46df,24002a26-e3cb-11e9-a452-53e1d70cdb01,02UH0,Dwarf Wakerobin,2016-09-08,WRS,17:59:00,20:10:00,John Wall,Fall
90509ece-e45f-11e9-a54d-e3a395acfec3,5d04d29a-e3cb-11e9-8f7b-0364ed1591ad,24005136-e3cb-11e9-a453-cf258411afae,00B74,Black Grama,2016-09-17,MTRS,13:20:00,19:20:00,Northland,Spring
90513b04-e45f-11e9-a54e-1359f4f4d57d,5d04f9a0-e3cb-11e9-8f7c-e3f49cc029df,2400783c-e3cb-11e9-a454-af9ada70a8fb,04BH3,Blackrodwood,2016-09-25,MRF,15:54:00,17:20:00,Northland,Fall
9051d73a-e45f-11e9-a54f-af73ca351f29,5d0520a6-e3cb-11e9-8f7d-d3fbfa19f57b,24009f4c-e3cb-11e9-a455-9f3551648910,0VNH4,Indian's Dream,2016-11-06,WRF,09:45:00,13:34:00,Northridge,Spring
90527366-e45f-11e9-a550-bf71f6e318ec,5d0547ac-e3cb-11e9-8f7e-c7ce45b3f416,2400c652-e3cb-11e9-a456-6f9cffa57954,06U44,Black Flatsedge,2016-11-08,T,10:13:00,10:33:00,Main,Spring
90527367-e45f-11e9-a551-2b80d7b7d9c1,5d056ebc-e3cb-11e9-8f7f-33bfed7e03c3,2400ed58-e3cb-11e9-a457-6bf0b613dbe2,0SWLX,Australian Water-clover,2016-11-11,TW,11:40:00,20:08:00,Hintze,Spring
90527368-e45f-11e9-a552-0704f5a9f11c,5d0595c2-e3cb-11e9-8f80-ffaf67a53f56,24013b6e-e3cb-11e9-a458-3ffee202a7bc,0NU80,Fayodia Lichen,2016-12-07,TWR,18:08:00,20:00:00,Buhler,Fall
90530ef2-e45f-11e9-a553-930a7f15359f,5d05bcd2-e3cb-11e9-8f81-4f28365cd8d1,2401627e-e3cb-11e9-a459-6b937003341c,08P03,Kauai Phyllostegia,2016-12-07,MR,13:47:00,20:00:00,Menomonie,Spring
90530ef3-e45f-11e9-a554-ff3c1ce9ae43,5d05bcd3-e3cb-11e9-8f82-abe172a24141,2401898e-e3cb-11e9-a45a-23659c6c95c7,047T0,Bluebill,2016-12-13,MTWF,13:28:00,17:48:00,Glendale,Fall
90530ef4-e45f-11e9-a555-af74fb5fd4ac,5d05e3d8-e3cb-11e9-8f83-7736cb6330b2,2401d7a4-e3cb-11e9-a45b-bf56b4322858,0D1B0,Amur Privet,2016-12-20,MS,07:11:00,13:06:00,Waxwing,Spring
90530ef5-e45f-11e9-a556-f7ecdca045da,5d060ae8-e3cb-11e9-8f84-1b4088fa43ad,2401feaa-e3cb-11e9-a45c-2328c385f688,037H3,Birdbill Dayflower,2016-12-30,MWS,12:39:00,20:00:00,Eastwood,Spring
9053ab28-e45f-11e9-a557-271c667db56b,5d0631ee-e3cb-11e9-8f85-4f38fde26207,240225b0-e3cb-11e9-a45d-13242514e334,0FNF3,Purple Bittercress,2017-01-15,MWR,07:51:00,12:13:00,Rutledge,Spring
9053ab29-e45f-11e9-a558-cf3d9ff62069,5d0658fe-e3cb-11e9-8f86-db4a1425be13,240273c6-e3cb-11e9-a45e-9773469fe73c,HZ83Z,Knowlton's Hophornbeam,2017-01-18,MWRS,10:23:00,18:56:00,Tennessee,Fall
9053ab2a-e45f-11e9-a559-030f5d191f34,5d068004-e3cb-11e9-8f87-3f8117b8e247,24029acc-e3cb-11e9-a45f-07b33ead673c,0RU13,Palo De Ramon,2017-01-18,TS,07:04:00,13:24:00,Oak Valley,Summer
9053ab2b-e45f-11e9-a55a-ebbc3fe56104,5d06a70a-e3cb-11e9-8f88-5b88e26cf645,2402c1dc-e3cb-11e9-a460-ffefc670849d,0Q914,Yellow Licorice Weed,2017-01-21,MFS,07:08:00,11:23:00,Myrtle,Summer
9053ab2c-e45f-11e9-a55b-a7fed5e0d370,5d06ce10-e3cb-11e9-8f89-930e9562b7e0,2402e8e2-e3cb-11e9-a461-a3fd5a398fb8,041C0,Mantisalca,2017-01-30,MTWF,13:06:00,20:00:00,Donald,Summer
9054475e-e45f-11e9-a55c-2fa21a7bb137,5d06f520-e3cb-11e9-8f8a-53a5bc43daa5,240336f8-e3cb-11e9-a462-372732212b1a,0PSC4,Beet,2017-02-19,TRF,16:39:00,20:00:00,Springs,Spring
9054475f-e45f-11e9-a55d-c7b494101e39,5d071c26-e3cb-11e9-8f8b-0b8eb6905f11,24035dfe-e3cb-11e9-a463-b77a0b87b643,0SWC4,Rusby's Sedge,2017-03-09,MRS,13:13:00,20:00:00,Esch,Fall
90544760-e45f-11e9-a55e-9feefb50482e,5d07432c-e3cb-11e9-8f8c-df7fc77d3e54,24038504-e3cb-11e9-a464-0b6dfa689a12,0CB6X,Bitter Creek Phacelia,2017-03-20,S,12:53:00,13:24:00,Old Shore,Summer
90544761-e45f-11e9-a55f-f76d5007b093,5d076a3c-e3cb-11e9-8f8d-4b3fae2598d4,2403ac14-e3cb-11e9-a465-2b9c06564ebb,0PUK3,False Croton,2017-03-24,MWRS,17:34:00,20:00:00,Iowa,Fall
90544762-e45f-11e9-a560-8b25953d7f43,5d079142-e3cb-11e9-8f8e-53e3cec57009,2403d31a-e3cb-11e9-a466-875b95539ba8,0KB40,White Ramping Fumitory,2017-03-24,TR,14:01:00,20:00:00,Shasta,Summer
9054e394-e45f-11e9-a561-c71eabe8ebd7,5d07b852-e3cb-11e9-8f8f-872a7a270474,2403fa2a-e3cb-11e9-a467-8b61035f2d98,0LWYX,Star Coccocarpia Lichen,2017-03-26,MR,12:10:00,20:00:00,Maryland,Fall
9054e395-e45f-11e9-a562-379481a9ca41,5d07df6c-e3cb-11e9-8f90-93046103d5b7,24042144-e3cb-11e9-a468-7bd2a30894df,04NA3,Grisebach's Swallow-wort,2017-04-02,R,08:25:00,18:40:00,Luster,Fall
9054e396-e45f-11e9-a563-27c7d848f406,5d080672-e3cb-11e9-8f91-9f239e176814,24046f6e-e3cb-11e9-a469-a7a5d48ceb2f,2W05X,White Penstemon,2017-04-08,RFS,12:52:00,16:19:00,Hauk,Summer
9054e397-e45f-11e9-a564-dbcc010bcb4f,5d082d78-e3cb-11e9-8f92-1f9936a581d3,2404966a-e3cb-11e9-a46a-eb9b2c0fb721,0PPP4,Shrubland Nehe,2017-04-08,S,18:31:00,20:00:00,Grim,Summer
90557fc0-e45f-11e9-a565-2fb8f73c321a,5d08547e-e3cb-11e9-8f93-431bf4cedc45,2404bd7a-e3cb-11e9-a46b-abf884f49072,041K4,Palamocladium Moss,2017-04-20,TR,14:30:00,20:00:00,Mariners Cove,Spring
90557fc1-e45f-11e9-a566-cb7a4d3b4126,5d087b84-e3cb-11e9-8f94-1b7d27388e44,24050b72-e3cb-11e9-a46c-2b022a41fe97,04QC4,Camasey Terciopelo,2017-04-24,WR,17:56:00,20:00:00,Karstens,Summer
90557fc2-e45f-11e9-a567-eba85033e5ea,5d08a294-e3cb-11e9-8f95-fbb16e5fdcda,24053278-e3cb-11e9-a46d-b31b97231b9c,3160,Maui Labordia,2017-04-26,FS,15:57:00,20:00:00,Schurz,Spring
90557fc3-e45f-11e9-a568-7b38e6b4deec,5d08c9c2-e3cb-11e9-8f96-47cdf3c81977,240580a2-e3cb-11e9-a46e-ab677f62609c,05U10,Vanillaleaf,2017-04-30,WR,18:41:00,20:00:00,Del Mar,Spring
90557fc4-e45f-11e9-a569-93b2ac01ed63,5d08c9c3-e3cb-11e9-8f97-03e297ff02d1,2405a82a-e3cb-11e9-a46f-db4a40758356,4A00X,Netbush,2017-05-05,MR,10:35:00,11:16:00,Debra,Fall
90561c00-e45f-11e9-a56a-07bcc72761d8,5d08f0aa-e3cb-11e9-8f98-bbb7edf9ae2e,24061d3c-e3cb-11e9-a470-9f33415bb88d,DP065,Nuttall's Sensitive-briar,2017-05-08,MW,13:22:00,20:00:00,Gulseth,Fall
9056b7aa-e45f-11e9-a56b-4fd853b7388f,5d0917b0-e3cb-11e9-8f99-bb3f6a111dc9,240643d4-e3cb-11e9-a471-03e56dd8483b,0KQW0,African Teak,2017-05-10,TS,17:45:00,20:00:00,Duke,Spring
905753d6-e45f-11e9-a56c-f3e8ec0102b0,5d093eb6-e3cb-11e9-8f9a-078bad2dbc62,24066ada-e3cb-11e9-a472-6f3a5fb18c88,DP085,Payson's Cryptantha,2017-05-11,TWS,12:40:00,20:00:00,Dayton,Spring
9057f00c-e45f-11e9-a56d-9bb25eda6817,5d0965c6-e3cb-11e9-8f9b-c7f287c38493,24069258-e3cb-11e9-a473-d78ff025ac47,037K4,Quillwort,2017-05-21,WFS,13:25:00,17:24:00,Ramsey,Fall
90588c4c-e45f-11e9-a56e-77dcee18e217,5d098ccc-e3cb-11e9-8f9c-337a00a74149,2406b968-e3cb-11e9-a474-abc1f5be99df,0DQL4,Spreading Cotoneaster,2017-05-22,MWS,15:29:00,20:00:00,Westerfield,Summer
90592882-e45f-11e9-a56f-3bd4760d5500,5d09b3dc-e3cb-11e9-8f9d-d3a975b5a90f,2406e06e-e3cb-11e9-a475-6759ea0b39bc,06V60,Creeping Blueberry,2017-06-13,TR,15:05:00,20:00:00,Springs,Fall
9059c4ae-e45f-11e9-a570-a78cd05ad507,5d09daec-e3cb-11e9-8f9e-6f67a23c05c9,2407077e-e3cb-11e9-a476-c38a2befbfd7,00C94,Common Juniper,2017-06-19,TF,12:04:00,16:34:00,2nd,Fall
905a613e-e45f-11e9-a571-0b4a1ede7a37,5d0a01f2-e3cb-11e9-8f9f-43140f3ea106,24072e84-e3cb-11e9-a477-532258583846,04LT4,Ewan's Cinquefoil,2017-06-19,R,11:08:00,20:00:00,Evergreen,Spring
905a613f-e45f-11e9-a572-db91a87d2779,5d0a28f8-e3cb-11e9-8fa0-077efd7e6c0d,24075594-e3cb-11e9-a478-c315d9a694fc,0KUQ0,Corn,2017-06-28,S,10:47:00,20:00:00,Kennedy,Summer
905afdba-e45f-11e9-a573-6bc8f26d1b2f,5d0a5008-e3cb-11e9-8fa1-97c1c9ec4a35,24077c9a-e3cb-11e9-a479-6354ddd4d2d5,0SRA0,Cosmos,2017-07-01,FS,08:31:00,12:13:00,Thompson,Summer
905b9982-e45f-11e9-a574-13bb4439fe25,5d0a770e-e3cb-11e9-8fa2-f7eeb7f8231c,2407a3aa-e3cb-11e9-a47a-2379191142cf,3E0J7,Coastal Plain Nailwort,2017-07-12,MT,18:15:00,20:00:00,Sutteridge,Spring
905c35b8-e45f-11e9-a575-bb1f1f0b4f0c,5d0a9e1e-e3cb-11e9-8fa3-5f8db0242174,23fe2ea6-e3cb-11e9-a449-43ae922fe9d9,0DHA8,Histiopteris,2017-07-13,F,18:38:00,20:00:00,Mendota,Summer
905cd1bc-e45f-11e9-a576-27c4b76485da,5d0ac524-e3cb-11e9-8fa4-539e26619810,23fef1d8-e3cb-11e9-a44a-0b17727bf406,0TWD8,Mock Buckthorn,2017-07-14,TWR,12:24:00,20:00:00,5th,Summer
905d6e2e-e45f-11e9-a577-4bfa727e5747,5d0aec2a-e3cb-11e9-8fa5-ffb012ba04a5,23ff18e8-e3cb-11e9-a44b-fb564150cc8a,163,Fritillary,2017-07-15,MWF,17:16:00,20:00:00,Larry,Fall
905e0a14-e45f-11e9-a578-03e4ba594817,5d0b1330-e3cb-11e9-8fa6-97127b4e94be,23ff3fe4-e3cb-11e9-a44c-2f0b03e8de8b,0J913,Purplespot Gilia,2017-07-19,RS,13:32:00,20:00:00,Lindbergh,Spring
905ea7a8-e45f-11e9-a579-f71a0fccbe32,5d0b3a40-e3cb-11e9-8fa7-0bd5174f581c,23ff66fe-e3cb-11e9-a44d-dffb1564461a,CP1ZY,Widowscross,2017-08-04,S,07:56:00,11:19:00,Buena Vista,Summer
905f43de-e45f-11e9-a57a-975b9f049c5a,5d0b6146-e3cb-11e9-8fa8-afd9ffe433d7,23ff8dfa-e3cb-11e9-a44e-9b2165cef09b,BP2B1,Shriver's Purple Fringed Orchid,2017-08-20,WRS,11:58:00,18:27:00,Melrose,Summer
905f43df-e45f-11e9-a57b-efc3a6ea6078,5d0b8856-e3cb-11e9-8fa9-93ed59c5c24f,23ffb500-e3cb-11e9-a44f-8b4795c9ce4a,0QWS3,Pomegranate,2017-08-21,MTWF,07:20:00,19:59:00,Colorado,Spring
905fdeca-e45f-11e9-a57c-eb97f6541cbd,5d0b8857-e3cb-11e9-8faa-5f02feb3578f,23ffdc10-e3cb-11e9-a450-8b64523f1f94,0PSR0,Sponge Gourd,2017-08-25,MS,12:19:00,12:26:00,Monterey,Fall
90607b64-e45f-11e9-a57d-2ffc17efc1f4,5d0baf5c-e3cb-11e9-8fab-475d4bd1e50d,24000320-e3cb-11e9-a451-d71a9b77b2ba,F00Z3,Oneflower Flatsedge,2017-09-12,MTW,16:28:00,20:00:00,Blue Bill Park,Spring
9061177c-e45f-11e9-a57e-f70f0066c8ef,5d0bd662-e3cb-11e9-8fac-7fb7a631a16c,24002a26-e3cb-11e9-a452-53e1d70cdb01,5A093,Honeysuckle,2017-09-12,RFS,13:16:00,20:00:00,Dennis,Summer
9061b39e-e45f-11e9-a57f-ff14b6641c62,5d0bfd72-e3cb-11e9-8fad-4780d9807328,24005136-e3cb-11e9-a453-cf258411afae,0SGJ3,Fig,2017-09-13,MTR,12:08:00,14:54:00,Starling,Summer
90624fa2-e45f-11e9-a580-57ab88d675bd,5d0c2478-e3cb-11e9-8fae-c720e032d9b1,2400783c-e3cb-11e9-a454-af9ada70a8fb,04CF0,Stinking Goosefoot,2017-10-06,MT,11:58:00,19:53:00,Haas,Spring
9062ebd8-e45f-11e9-a581-fbabeb6b0da7,5d0c4b88-e3cb-11e9-8faf-fbb2139a77cb,24009f4c-e3cb-11e9-a455-9f3551648910,D9Y67,California Barley,2017-10-06,MT,15:58:00,20:00:00,Sunfield,Summer
9063880e-e45f-11e9-a582-0f6d4caa6eac,5d0c728e-e3cb-11e9-8fb0-1b07a600cba2,2400c652-e3cb-11e9-a456-6f9cffa57954,031N0,Tufted Wheatgrass,2017-10-12,WS,13:30:00,20:00:00,Burrows,Spring
90642444-e45f-11e9-a583-2f795698dc56,5d0c999e-e3cb-11e9-8fb1-0f0d2ee4cab4,2400ed58-e3cb-11e9-a457-6bf0b613dbe2,0UU54,Annual Fimbry,2017-10-17,F,14:00:00,17:32:00,Dovetail,Summer
9064c070-e45f-11e9-a584-ebd556c92b1b,5d0cc0a4-e3cb-11e9-8fb2-2b4d69a60060,24013b6e-e3cb-11e9-a458-3ffee202a7bc,00XP0,Pearlbrush,2017-10-19,MTS,12:35:00,20:00:00,Glendale,Spring
9064c071-e45f-11e9-a585-8f456d8d5b7a,5d0ce7b4-e3cb-11e9-8fb3-5bef6e2fdad8,2401627e-e3cb-11e9-a459-6b937003341c,0RCV0,Fishtail Swordfern,2017-11-01,MWF,12:12:00,20:00:00,Anthes,Fall
90655ca6-e45f-11e9-a586-53435a28f52f,5d0d0ece-e3cb-11e9-8fb4-1fd62e5b592d,2401898e-e3cb-11e9-a45a-23659c6c95c7,BQ2F0,Dunchi Fiber,2017-11-07,RS,15:09:00,20:00:00,Steensland,Summer
9065f8e6-e45f-11e9-a587-57ed09edf42d,5d0d35b6-e3cb-11e9-8fb5-0f2980ff9fb9,2401d7a4-e3cb-11e9-a45b-bf56b4322858,0F9G4,Honohono,2017-11-21,TRFS,18:24:00,20:00:00,Dunning,Fall
9066951c-e45f-11e9-a588-2b08272f39af,5d0d5cd0-e3cb-11e9-8fb6-d7244b342906,2401feaa-e3cb-11e9-a45c-2328c385f688,0X6P0,Fraser's Photinia,2017-11-29,TWRF,11:53:00,12:48:00,Mariners Cove,Spring
90673198-e45f-11e9-a589-4b4351d0e0b8,5d0d83e0-e3cb-11e9-8fb7-7b348e8eb50c,240225b0-e3cb-11e9-a45d-13242514e334,0TH54,Howell's Reedgrass,2017-12-09,MWR,08:23:00,17:19:00,Mayfield,Summer
9067cd7e-e45f-11e9-a58a-535de5e5973f,5d0d83e1-e3cb-11e9-8fb8-c3e4fb046c88,240273c6-e3cb-11e9-a45e-9773469fe73c,045N3,Wooton's Sandpuffs,2017-12-11,F,12:31:00,20:00:00,Butternut,Spring
90686a18-e45f-11e9-a58b-5f47eab57451,5d0daae6-e3cb-11e9-8fb9-9b4d8418a3d7,24029acc-e3cb-11e9-a45f-07b33ead673c,F01G5,Cercidospora Lichen,2017-12-29,F,10:45:00,20:00:00,Heath,Fall
906905fe-e45f-11e9-a58c-3716c369d1c3,5d0dd1ec-e3cb-11e9-8fba-7b6e047ddc74,2402c1dc-e3cb-11e9-a460-ffefc670849d,0D1B0,Horrid Herrickia,2017-12-30,R,15:43:00,20:00:00,Bluejay,Spring
9069a248-e45f-11e9-a58d-6f3f9428c89d,5d0df8fc-e3cb-11e9-8fbb-2baf0a0e472f,2402e8e2-e3cb-11e9-a461-a3fd5a398fb8,0YPB3,Heimia,2018-01-08,MFS,15:47:00,19:02:00,Continental,Summer
906a3e6a-e45f-11e9-a58e-9332dffecfdb,5d0e2002-e3cb-11e9-8fbc-a3811336bef1,240336f8-e3cb-11e9-a462-372732212b1a,0PHR3,Puerto Rico Ridgerunner,2018-01-12,MTWS,15:53:00,20:00:00,Autumn Leaf,Fall
906adaaa-e45f-11e9-a58f-97874549bedb,5d0e4708-e3cb-11e9-8fbd-930334d703a3,24035dfe-e3cb-11e9-a463-b77a0b87b643,0VB13,Great Chickweed,2018-01-12,MWF,10:40:00,12:42:00,Truax,Summer
906b76cc-e45f-11e9-a590-8ffe2246bdd4,5d0e6e18-e3cb-11e9-8fbe-4bb39f48a2cb,24038504-e3cb-11e9-a464-0b6dfa689a12,0PWQ3,El Paso Blazingstar,2018-01-14,MWRS,17:04:00,19:31:00,Sommers,Fall
906c1302-e45f-11e9-a591-e346118660ef,5d0e9528-e3cb-11e9-8fbf-ef94c34d78bc,2403ac14-e3cb-11e9-a465-2b9c06564ebb,0VQ53,Cardinal Catchfly,2018-01-14,TW,16:16:00,19:05:00,Declaration,Spring
906c1303-e45f-11e9-a592-bfa9eae7ddd2,5d0ebc2e-e3cb-11e9-8fc0-f76143467562,2403d31a-e3cb-11e9-a466-875b95539ba8,02HS4,Evening Primrose,2018-01-15,RS,07:46:00,11:19:00,Bluestem,Fall
906caf38-e45f-11e9-a593-3fe179d61af6,5d0ee334-e3cb-11e9-8fc1-0300057e4bef,2403fa2a-e3cb-11e9-a467-8b61035f2d98,4A0B8,Algarrobo Negro,2018-01-15,WRFS,09:12:00,16:53:00,Anhalt,Summer
906d4b50-e45f-11e9-a594-4b14d11d8ca6,5d0f0a44-e3cb-11e9-8fc2-c37ca930d31b,24042144-e3cb-11e9-a468-7bd2a30894df,0RNS3,Desert Deervetch,2018-01-17,F,16:22:00,18:52:00,Derek,Fall
906de7a4-e45f-11e9-a595-538375132231,5d0f314a-e3cb-11e9-8fc3-1f04f108412a,24046f6e-e3cb-11e9-a469-a7a5d48ceb2f,00W64,Everglade Key Sandmat,2018-01-24,WRS,16:52:00,20:00:00,Longview,Spring
906e83e4-e45f-11e9-a596-4f7a5afd7d96,5d0f585a-e3cb-11e9-8fc4-3f3b95a60deb,2404966a-e3cb-11e9-a46a-eb9b2c0fb721,09R2X,Jame's Rubberweed,2018-01-29,M,15:58:00,20:00:00,Memorial,Spring
906f201a-e45f-11e9-a597-b3b80bff48b6,5d0f7f60-e3cb-11e9-8fc5-c738b8b0d1eb,2404bd7a-e3cb-11e9-a46b-abf884f49072,0RGL0,Garcinia,2018-02-08,MT,10:42:00,18:27:00,Fulton,Spring
906fbc3c-e45f-11e9-a598-e77ea517e58e,5d0fa666-e3cb-11e9-8fc6-43cb523377b3,24050b72-e3cb-11e9-a46c-2b022a41fe97,0PWQ0,Bog Alkaligrass,2018-02-14,MTRS,12:03:00,15:40:00,Fair Oaks,Fall
9070587c-e45f-11e9-a599-9bdde5617d73,5d0fa667-e3cb-11e9-8fc7-ef69b9c46515,24053278-e3cb-11e9-a46d-b31b97231b9c,2W3HX,Canadian Hawkweed,2018-02-15,F,15:24:00,16:06:00,Oak Valley,Spring
9070f4b2-e45f-11e9-a59a-e74795081bda,5d0fcd6c-e3cb-11e9-8fc8-37ada49bb2e5,240580a2-e3cb-11e9-a46e-ab677f62609c,F00ZK,Metaneckera Moss,2018-02-16,MTWR,12:45:00,17:51:00,Forest,Fall
9070f4b3-e45f-11e9-a59b-978f1adf8ce1,5d0ff47c-e3cb-11e9-8fc9-73352556a132,2405a82a-e3cb-11e9-a46f-db4a40758356,021P4,Matweed,2018-02-21,W,09:27:00,18:10:00,Dixon,Fall
907190e8-e45f-11e9-a59c-afb393a39a84,5d101b8c-e3cb-11e9-8fca-637b46847744,24061d3c-e3cb-11e9-a470-9f33415bb88d,08CK3,Whisperingbells,2018-03-02,TWS,08:48:00,13:26:00,Everett,Summer
90722d28-e45f-11e9-a59d-bb407fbdbd97,5d104292-e3cb-11e9-8fcb-d768968cb93e,240643d4-e3cb-11e9-a471-03e56dd8483b,0PP83,Bolander's Mock Dandelion,2018-03-16,WR,13:44:00,20:00:00,Warrior,Fall
9072c954-e45f-11e9-a59e-2f8c2e5442ee,5d106998-e3cb-11e9-8fcc-5ba356b30c66,24066ada-e3cb-11e9-a472-6f3a5fb18c88,2W01X,Creeping Barberry,2018-03-23,MWF,12:34:00,20:00:00,Forster,Summer
9073658a-e45f-11e9-a59f-ef9af2dbf9ae,5d1090a8-e3cb-11e9-8fcd-33e2f3e387fb,24069258-e3cb-11e9-a473-d78ff025ac47,02RT4,Horn-leaved Takakia,2018-04-05,MWR,11:03:00,18:13:00,Lawn,Fall
907401e8-e45f-11e9-a5a0-c7d189e7d50f,5d10b7ae-e3cb-11e9-8fce-53b5b32b6033,2406b968-e3cb-11e9-a474-abc1f5be99df,04V14,Flatwoods St. Johnswort,2018-04-06,TWRF,09:34:00,10:45:00,Melrose,Spring
90753a40-e45f-11e9-a5a1-771f66a65097,5d10debe-e3cb-11e9-8fcf-dbc94a1a7dc4,2406e06e-e3cb-11e9-a475-6759ea0b39bc,0V1P0,Hairy Skullcap,2018-04-10,WRS,10:00:00,10:25:00,Ludington,Summer
9075d66c-e45f-11e9-a5a2-abb0146136f1,5d1105ce-e3cb-11e9-8fd0-a7b139bc13ed,2407077e-e3cb-11e9-a476-c38a2befbfd7,0D947,Bloomer's Aster,2018-04-15,MT,12:36:00,19:50:00,Armistice,Fall
907672ca-e45f-11e9-a5a3-fbb4b0cdeaca,5d112cd4-e3cb-11e9-8fd1-932ed37373ed,24072e84-e3cb-11e9-a477-532258583846,DW129,Peirson's Pincushion,2018-04-28,T,09:05:00,20:00:00,Sommers,Summer
90770ece-e45f-11e9-a5a4-fb6684156542,5d1153da-e3cb-11e9-8fd2-571e393a0849,24075594-e3cb-11e9-a478-c315d9a694fc,0WPN4,Jaumea,2018-05-02,MF,15:52:00,17:03:00,Lake View,Fall
9077ab18-e45f-11e9-a5a5-7baa3b641912,5d117ae0-e3cb-11e9-8fd3-23daa358f555,24077c9a-e3cb-11e9-a479-6354ddd4d2d5,090K0,Nevada Cryptantha,2018-05-07,S,12:21:00,16:20:00,Oneill,Summer
9078476c-e45f-11e9-a5a6-d7c19a4579ce,5d11a1f0-e3cb-11e9-8fd4-33461e272b31,2407a3aa-e3cb-11e9-a47a-2379191142cf,0CB53,Sandia Mountain Alumroot,2018-05-10,W,14:05:00,15:38:00,Anhalt,Fall
9078e37a-e45f-11e9-a5a7-3bbacd194850,5d02b000-e3cb-11e9-8f71-e7217d9f6d9f,23fe2ea6-e3cb-11e9-a449-43ae922fe9d9,F00ZD,Crossidium Moss,2018-05-12,MTWRS,14:30:00,18:44:00,Southridge,Fall
90797fa6-e45f-11e9-a5a8-1be0b54807c3,5d034c2c-e3cb-11e9-8f72-eb1c5478bad2,23fef1d8-e3cb-11e9-a44a-0b17727bf406,B902Z,Dense False Gilyflower,2018-05-13,MFS,17:51:00,19:39:00,Norway Maple,Summer
907a1bd2-e45f-11e9-a5a9-dfcbebb92bd3,5d039a56-e3cb-11e9-8f73-eb5fcb1b3bd2,23ff18e8-e3cb-11e9-a44b-fb564150cc8a,0DTJ0,Avocado,2018-05-21,MR,16:58:00,19:56:00,Kenwood,Summer
907ab81c-e45f-11e9-a5aa-73331a9da19b,5d03c15c-e3cb-11e9-8f74-a7f21575bf37,23ff3fe4-e3cb-11e9-a44c-2f0b03e8de8b,0DN43,Bunched Arrowhead,2018-05-23,TWF,14:07:00,16:15:00,Nelson,Spring
907ab81d-e45f-11e9-a5ab-8b5dcf7d5ce4,5d03e858-e3cb-11e9-8f75-5bfc29bf5cb3,23ff66fe-e3cb-11e9-a44d-dffb1564461a,0D9S4,Sweet Mountain Grape,2018-05-25,T,16:13:00,17:33:00,Moose,Fall
907ab81e-e45f-11e9-a5ac-5bd65c7c03f9,5d040f68-e3cb-11e9-8f76-7b2e35aaa8b0,23ff8dfa-e3cb-11e9-a44e-9b2165cef09b,07PLX,Goodding's Fameflower,2018-05-27,S,08:03:00,13:23:00,Donald,Summer
907ab81f-e45f-11e9-a5ad-cfc216400bc3,5d04366e-e3cb-11e9-8f77-f7002654a8cc,23ffb500-e3cb-11e9-a44f-8b4795c9ce4a,051B0,Watermelon Nightshade,2018-05-28,MRS,12:07:00,20:00:00,Mandrake,Fall
907b545c-e45f-11e9-a5ae-f35e8aa82ba7,5d045d74-e3cb-11e9-8f78-33f15550d01b,23ffdc10-e3cb-11e9-a450-8b64523f1f94,0VTQ4,Torrey's Milkvetch,2018-06-02,MFS,09:19:00,20:00:00,Dryden,Fall
907bf0a6-e45f-11e9-a5af-975a5c33c7bc,5d048484-e3cb-11e9-8f79-63a2ad75bda8,24000320-e3cb-11e9-a451-d71a9b77b2ba,0NQT0,Fiveneedle Pricklyleaf,2018-06-07,MT,13:39:00,18:04:00,Raven,Spring
907c8cdc-e45f-11e9-a5b0-73cad0e842f1,5d04ab8a-e3cb-11e9-8f7a-7727694d46df,24002a26-e3cb-11e9-a452-53e1d70cdb01,0RHA4,Deformed Beard Lichen,2018-06-13,MWR,12:46:00,12:52:00,Melrose,Fall
907d291c-e45f-11e9-a5b1-8f88a53e0993,5d04d29a-e3cb-11e9-8f7b-0364ed1591ad,24005136-e3cb-11e9-a453-cf258411afae,9970,Flatface Calicoflower,2018-06-16,MTWFS,07:09:00,18:21:00,Canary,Fall
907dc548-e45f-11e9-a5b2-c7950ee8b2f1,5d04f9a0-e3cb-11e9-8f7c-e3f49cc029df,2400783c-e3cb-11e9-a454-af9ada70a8fb,0RUC3,Canoparmelia Lichen,2018-06-23,W,18:21:00,20:00:00,Lawn,Fall
907e6174-e45f-11e9-a5b3-0bfcba1115a2,5d0520a6-e3cb-11e9-8f7d-d3fbfa19f57b,24009f4c-e3cb-11e9-a455-9f3551648910,3E1P7,Arctic Sweet Coltsfoot,2018-06-27,MRFS,10:40:00,13:45:00,Bay,Fall
907efdbe-e45f-11e9-a5b4-77b607c0f345,5d0547ac-e3cb-11e9-8f7e-c7ce45b3f416,2400c652-e3cb-11e9-a456-6f9cffa57954,3753,Littleleaf Leadtree,2018-07-13,TRF,18:01:00,20:00:00,Cottonwood,Fall
907f99f4-e45f-11e9-a5b5-678682962840,5d056ebc-e3cb-11e9-8f7f-33bfed7e03c3,2400ed58-e3cb-11e9-a457-6bf0b613dbe2,0QPG0,Atlantic Poison Oak,2018-07-14,WRFS,15:50:00,20:00:00,Colorado,Fall
90803620-e45f-11e9-a5b6-f3c9a44192d4,5d0595c2-e3cb-11e9-8f80-ffaf67a53f56,24013b6e-e3cb-11e9-a458-3ffee202a7bc,0Q520,Philippine Violet,2018-07-17,WRFS,14:32:00,20:00:00,Fisk,Fall
90816e96-e45f-11e9-a5b7-b35e0d348067,5d05bcd2-e3cb-11e9-8f81-4f28365cd8d1,2401627e-e3cb-11e9-a459-6b937003341c,0RHX3,Kobuk Locoweed,2018-07-20,MTFS,14:46:00,17:10:00,Lillian,Spring
90820ad6-e45f-11e9-a5b8-9b0e4d2e4326,5d05bcd3-e3cb-11e9-8f82-abe172a24141,2401898e-e3cb-11e9-a45a-23659c6c95c7,01B,Schaffner's Bahia,2018-07-22,MTF,17:18:00,20:00:00,Valley Edge,Summer
9082a702-e45f-11e9-a5b9-176de4a67ea6,5d05e3d8-e3cb-11e9-8f83-7736cb6330b2,2401d7a4-e3cb-11e9-a45b-bf56b4322858,04U10,Chamisso's Willow,2018-07-27,RF,18:50:00,20:00:00,Fairview,Fall
90834324-e45f-11e9-a5ba-533d64daff73,5d060ae8-e3cb-11e9-8f84-1b4088fa43ad,2401feaa-e3cb-11e9-a45c-2328c385f688,04SP0,St. Thomas Pricklyash,2018-08-01,WF,11:15:00,16:51:00,Oriole,Spring
9083dfa0-e45f-11e9-a5bb-1bd15e8a63d2,5d0631ee-e3cb-11e9-8f85-4f38fde26207,240225b0-e3cb-11e9-a45d-13242514e334,0S953,Hawai'i Vetch,2018-08-04,MTRS,18:49:00,20:00:00,West,Spring
90847bcc-e45f-11e9-a5bc-eb221c82ecd3,5d0658fe-e3cb-11e9-8f86-db4a1425be13,240273c6-e3cb-11e9-a45e-9773469fe73c,0QP24,Lambstongue Ragwort,2018-08-15,TS,18:48:00,20:06:00,Morrow,Spring
908517bc-e45f-11e9-a5bd-47d337141ce8,5d068004-e3cb-11e9-8f87-3f8117b8e247,24029acc-e3cb-11e9-a45f-07b33ead673c,DW16B,Whitebox,2018-08-16,MF,10:59:00,13:17:00,Sommers,Fall
908517bd-e45f-11e9-a5be-f37f1beebb16,5d06a70a-e3cb-11e9-8f88-5b88e26cf645,2402c1dc-e3cb-11e9-a460-ffefc670849d,4A03X,Wood Bluegrass,2018-08-18,M,14:07:00,19:18:00,Becker,Spring
9085b41a-e45f-11e9-a5bf-27207940ab2f,5d06ce10-e3cb-11e9-8f89-930e9562b7e0,2402e8e2-e3cb-11e9-a461-a3fd5a398fb8,9940,Bract Milkweed,2018-08-27,WRFS,15:19:00,18:28:00,Carberry,Summer
90865014-e45f-11e9-a5c0-cbc6a2c02535,5d06f520-e3cb-11e9-8f8a-53a5bc43daa5,240336f8-e3cb-11e9-a462-372732212b1a,041D0,Kaibab Suncup,2018-08-28,TF,13:05:00,20:00:00,Canary,Fall
9086ec54-e45f-11e9-a5c1-3ffef9af0655,5d071c26-e3cb-11e9-8f8b-0b8eb6905f11,24035dfe-e3cb-11e9-a463-b77a0b87b643,047N3,Pink Azalea,2018-08-28,MFS,14:23:00,20:00:00,Paget,Spring
908824c0-e45f-11e9-a5c2-7bd17a4c327f,5d07432c-e3cb-11e9-8f8c-df7fc77d3e54,24038504-e3cb-11e9-a464-0b6dfa689a12,1914,Donner Lake Lupine,2018-08-28,MWS,07:33:00,15:57:00,Cottonwood,Summer
9088c0f6-e45f-11e9-a5c3-4354c97d80b5,5d076a3c-e3cb-11e9-8f8d-4b3fae2598d4,2403ac14-e3cb-11e9-a465-2b9c06564ebb,0FUD0,Sharp-tooth Buckthorn,2018-08-30,MWFS,11:57:00,20:00:00,Mockingbird,Summer
90895d22-e45f-11e9-a5c4-5fe107c83c3a,5d079142-e3cb-11e9-8f8e-53e3cec57009,2403d31a-e3cb-11e9-a466-875b95539ba8,0W9D0,Cyprus-vetch,2018-09-02,TWF,08:04:00,08:24:00,American Ash,Fall
9089f958-e45f-11e9-a5c5-a7bea4ca2b45,5d07b852-e3cb-11e9-8f8f-872a7a270474,2403fa2a-e3cb-11e9-a467-8b61035f2d98,6A150,Mulga,2018-09-19,F,08:56:00,18:51:00,Hagan,Spring
908a9598-e45f-11e9-a5c6-1ff78989c69f,5d07df6c-e3cb-11e9-8f90-93046103d5b7,24042144-e3cb-11e9-a468-7bd2a30894df,CW561,Redbay,2018-09-21,TF,10:15:00,17:12:00,Lyons,Spring
908b31ba-e45f-11e9-a5c7-375c6d719824,5d080672-e3cb-11e9-8f91-9f239e176814,24046f6e-e3cb-11e9-a469-a7a5d48ceb2f,0CRB0,Brownish Beaksedge,2018-09-24,W,17:52:00,18:47:00,Daystar,Summer
908bcdfa-e45f-11e9-a5c8-635dc402c515,5d082d78-e3cb-11e9-8f92-1f9936a581d3,2404966a-e3cb-11e9-a46a-eb9b2c0fb721,0FPD7,Curl-leaf Mountain Mahogany,2018-10-15,MT,08:03:00,18:52:00,Cardinal,Fall
908c6a26-e45f-11e9-a5c9-d7804ed41e39,5d08547e-e3cb-11e9-8f93-431bf4cedc45,2404bd7a-e3cb-11e9-a46b-abf884f49072,30240,White Clouds Milkvetch,2018-10-20,FS,08:58:00,11:58:00,Eliot,Summer
908d0666-e45f-11e9-a5ca-435d77d388f1,5d087b84-e3cb-11e9-8f94-1b7d27388e44,24050b72-e3cb-11e9-a46c-2b022a41fe97,02WG4,Football Fruit,2018-10-21,WRS,13:11:00,20:00:00,Northfield,Summer
908da292-e45f-11e9-a5cb-e34b26c21a06,5d08a294-e3cb-11e9-8f95-fbb16e5fdcda,24053278-e3cb-11e9-a46d-b31b97231b9c,5934,Slenderbeak Sedge,2018-11-03,TWFS,09:38:00,16:55:00,Cottonwood,Fall
908e3edc-e45f-11e9-a5cc-639d03b5ca76,5d08c9c2-e3cb-11e9-8f96-47cdf3c81977,240580a2-e3cb-11e9-a46e-ab677f62609c,0CWS7,Candle Snuffer Moss,2018-11-05,W,07:40:00,11:28:00,Cascade,Fall
908edb12-e45f-11e9-a5cd-57c659cd5391,5d08c9c3-e3cb-11e9-8f97-03e297ff02d1,2405a82a-e3cb-11e9-a46f-db4a40758356,0DUN4,Stalked Popcornflower,2018-11-05,S,14:43:00,19:30:00,Tony,Spring
908edb13-e45f-11e9-a5ce-4f4c9138c823,5d08f0aa-e3cb-11e9-8f98-bbb7edf9ae2e,24061d3c-e3cb-11e9-a470-9f33415bb88d,04UF0,Heartleaf Foamflower,2018-11-08,MWR,16:50:00,19:16:00,Morrow,Fall
9090000a-e45f-11e9-a5cf-0ba277e5fb3e,5d0917b0-e3cb-11e9-8f99-bb3f6a111dc9,240643d4-e3cb-11e9-a471-03e56dd8483b,2W1BX,Slender Yellow Woodsorrel,2018-11-09,MTWF,13:30:00,14:06:00,Wayridge,Summer
90909c36-e45f-11e9-a5d0-57cddfb8844f,5d093eb6-e3cb-11e9-8f9a-078bad2dbc62,24066ada-e3cb-11e9-a472-6f3a5fb18c88,0HWT3,Tallul Campylopus Moss,2018-11-14,MR,17:50:00,20:00:00,North,Spring
9090ff28-e45f-11e9-a5d1-836734afa4e3,5d0965c6-e3cb-11e9-8f9b-c7f287c38493,24069258-e3cb-11e9-a473-d78ff025ac47,0U758,Schaereria Lichen,2018-11-23,T,10:50:00,17:13:00,Emmet,Fall
90919b54-e45f-11e9-a5d2-b398ccc84e80,5d098ccc-e3cb-11e9-8f9c-337a00a74149,2406b968-e3cb-11e9-a474-abc1f5be99df,04B63,Palmer's Groundcherry,2018-11-26,MTR,16:51:00,16:55:00,Katie,Fall
9092376c-e45f-11e9-a5d3-df819a275f6d,5d09b3dc-e3cb-11e9-8f9d-d3a975b5a90f,2406e06e-e3cb-11e9-a475-6759ea0b39bc,061C0,Limestone Swamp Bedstraw,2018-11-26,R,13:59:00,20:00:00,Thackeray,Summer
9092376d-e45f-11e9-a5d4-f34093dc01d1,5d09daec-e3cb-11e9-8f9e-6f67a23c05c9,2407077e-e3cb-11e9-a476-c38a2befbfd7,0RUU4,Aster,2018-12-01,TF,16:36:00,20:00:00,Northridge,Fall
9092376e-e45f-11e9-a5d5-cbb725695474,5d0a01f2-e3cb-11e9-8f9f-43140f3ea106,24072e84-e3cb-11e9-a477-532258583846,05UY0,Corkystem Passionflower,2018-12-11,F,10:23:00,13:07:00,Florence,Summer
9092d3fc-e45f-11e9-a5d6-b3293c67f69a,5d0a28f8-e3cb-11e9-8fa0-077efd7e6c0d,24075594-e3cb-11e9-a478-c315d9a694fc,0B9C0,Melaspilea Lichen,2018-12-18,M,07:56:00,16:04:00,Grim,Summer
90936fec-e45f-11e9-a5d7-93f5220b1d89,5d0a5008-e3cb-11e9-8fa1-97c1c9ec4a35,24077c9a-e3cb-11e9-a479-6354ddd4d2d5,0UMG4,Woolly Seablite,2019-01-08,WR,13:32:00,20:00:00,Northland,Summer
90940c18-e45f-11e9-a5d8-53139643cc59,5d0a770e-e3cb-11e9-8fa2-f7eeb7f8231c,2407a3aa-e3cb-11e9-a47a-2379191142cf,04LH4,Pacific Rim Lichen,2019-01-13,MFS,15:54:00,16:28:00,Surrey,Fall
9094a83a-e45f-11e9-a5d9-6bf973aeed87,5d0a9e1e-e3cb-11e9-8fa3-5f8db0242174,23fe2ea6-e3cb-11e9-a449-43ae922fe9d9,2W50X,Hairy New York Aster,2019-01-13,WRS,17:00:00,20:00:00,Hollow Ridge,Spring
9095448e-e45f-11e9-a5da-efea8b1f1b0e,5d0ac524-e3cb-11e9-8fa4-539e26619810,23fef1d8-e3cb-11e9-a44a-0b17727bf406,0QSH4,Stereophyllum Moss,2019-01-14,MRF,16:56:00,20:00:00,Evergreen,Fall
9095448f-e45f-11e9-a5db-cb5c64763b1b,5d0aec2a-e3cb-11e9-8fa5-ffb012ba04a5,23ff18e8-e3cb-11e9-a44b-fb564150cc8a,0QSH4,Cyrto-hypnum Moss,2019-01-23,TWRS,09:35:00,13:40:00,Fordem,Fall
9095e0ba-e45f-11e9-a5dc-2b481f1c6e18,5d0b1330-e3cb-11e9-8fa6-97127b4e94be,23ff3fe4-e3cb-11e9-a44c-2f0b03e8de8b,02HP4,Brugmansia,2019-02-05,TWR,16:10:00,18:33:00,Esch,Fall
90967cf0-e45f-11e9-a5dd-474c9c83a0fa,5d0b3a40-e3cb-11e9-8fa7-0bd5174f581c,23ff66fe-e3cb-11e9-a44d-dffb1564461a,047R0,Narrowpod Sensitive Pea,2019-02-05,MS,12:42:00,18:37:00,Brown,Spring
9097193a-e45f-11e9-a5de-4b26088913b0,5d0b6146-e3cb-11e9-8fa8-afd9ffe433d7,23ff8dfa-e3cb-11e9-a44e-9b2165cef09b,0G5L3,Spotted Knapweed,2019-02-08,WRFS,15:57:00,20:00:00,Briar Crest,Summer
9097b688-e45f-11e9-a5df-8b9c6c4a8170,5d0b8856-e3cb-11e9-8fa9-93ed59c5c24f,23ffb500-e3cb-11e9-a44f-8b4795c9ce4a,0W9F3,Timber Oatgrass,2019-02-09,F,16:44:00,20:00:00,Bayside,Spring
909852be-e45f-11e9-a5e0-e32ca09355f1,5d0b8857-e3cb-11e9-8faa-5f02feb3578f,23ffdc10-e3cb-11e9-a450-8b64523f1f94,07TH0,Berlandier's Trumpets,2019-02-12,MF,10:28:00,18:55:00,Lawn,Spring
9098eef4-e45f-11e9-a5e1-7f901bbc373e,5d0baf5c-e3cb-11e9-8fab-475d4bd1e50d,24000320-e3cb-11e9-a451-d71a9b77b2ba,0RNQX,Koolau Range Lobelia,2019-02-12,MTRF,14:50:00,20:00:00,Dovetail,Spring
90998b2a-e45f-11e9-a5e2-83bc4f03ca80,5d0bd662-e3cb-11e9-8fac-7fb7a631a16c,24002a26-e3cb-11e9-a452-53e1d70cdb01,0QS94,Tufted Orchid,2019-02-15,W,13:18:00,20:00:00,Fieldstone,Fall
909a262a-e45f-11e9-a5e3-3f4da4994f22,5d0bfd72-e3cb-11e9-8fad-4780d9807328,24005136-e3cb-11e9-a453-cf258411afae,00BD4,Plantain Goldenweed,2019-02-20,T,10:48:00,12:48:00,Eastwood,Fall
909ac3a0-e45f-11e9-a5e4-2fd446b8b5a5,5d0c2478-e3cb-11e9-8fae-c720e032d9b1,2400783c-e3cb-11e9-a454-af9ada70a8fb,0BU10,Whitewhorl Lupine,2019-02-21,MT,14:34:00,18:19:00,Hansons,Spring
909ac3a1-e45f-11e9-a5e5-d7f869034d80,5d0c4b88-e3cb-11e9-8faf-fbb2139a77cb,24009f4c-e3cb-11e9-a455-9f3551648910,03HY3,Small Fescue,2019-03-01,MTR,14:54:00,19:13:00,Almo,Fall
909b5fcc-e45f-11e9-a5e6-539fd89cc56f,5d0c728e-e3cb-11e9-8fb0-1b07a600cba2,2400c652-e3cb-11e9-a456-6f9cffa57954,DWY,Prairie Rosinweed,2019-03-01,TWFS,15:26:00,20:00:00,Meadow Ridge,Summer
909bfc02-e45f-11e9-a5e7-e31f641707ba,5d0c999e-e3cb-11e9-8fb1-0f0d2ee4cab4,2400ed58-e3cb-11e9-a457-6bf0b613dbe2,0G9G4,Jalap,2019-03-12,T,09:38:00,13:41:00,6th,Fall
909c9838-e45f-11e9-a5e8-1b5a6b14cdaf,5d0cc0a4-e3cb-11e9-8fb2-2b4d69a60060,24013b6e-e3cb-11e9-a458-3ffee202a7bc,0U2DX,Brachythecium Moss,2019-03-12,TS,13:46:00,20:00:00,Truax,Summer
909d33a6-e45f-11e9-a5e9-cfc31d0260c7,5d0ce7b4-e3cb-11e9-8fb3-5bef6e2fdad8,2401627e-e3cb-11e9-a459-6b937003341c,04H00,Snake River Cryptantha,2019-03-18,F,10:10:00,12:15:00,Columbus,Fall
909dd0ae-e45f-11e9-a5ea-4f87790d4cdf,5d0d0ece-e3cb-11e9-8fb4-1fd62e5b592d,2401898e-e3cb-11e9-a45a-23659c6c95c7,09WH7,Epling's Monardella,2019-03-20,MT,16:55:00,20:00:00,Chive,Fall
909e6b9a-e45f-11e9-a5eb-ff6999a51a4c,5d0d35b6-e3cb-11e9-8fb5-0f2980ff9fb9,2401d7a4-e3cb-11e9-a45b-bf56b4322858,0DU47,Clustered Fanpetals,2019-03-20,R,16:41:00,19:29:00,Kings,Summer
909f091a-e45f-11e9-a5ec-cba662ec12e6,5d0d5cd0-e3cb-11e9-8fb6-d7244b342906,2401feaa-e3cb-11e9-a45c-2328c385f688,0DQM4,Gentner's Fritillary,2019-03-21,MTW,16:43:00,20:00:00,Mesta,Summer
909fa406-e45f-11e9-a5ed-8f3eda190e54,5d0d83e0-e3cb-11e9-8fb7-7b348e8eb50c,240225b0-e3cb-11e9-a45d-13242514e334,3120,Blue Cohosh,2019-03-27,M,14:28:00,18:57:00,Leroy,Spring
90a04050-e45f-11e9-a5ee-fbd249f0b54a,5d0d83e1-e3cb-11e9-8fb8-c3e4fb046c88,240273c6-e3cb-11e9-a45e-9773469fe73c,0CR40,Ravenfoot Sedge,2019-04-08,T,09:59:00,10:47:00,Gale,Summer
90a0ddb2-e45f-11e9-a5ef-7382be086fdc,5d0daae6-e3cb-11e9-8fb9-9b4d8418a3d7,24029acc-e3cb-11e9-a45f-07b33ead673c,09QB4,Horungia,2019-04-16,WS,13:43:00,20:00:00,Dixon,Fall
90a0ddb3-e45f-11e9-a5f0-2771bd6c1dcb,5d0dd1ec-e3cb-11e9-8fba-7b6e047ddc74,2402c1dc-e3cb-11e9-a460-ffefc670849d,0PUF3,Sierra Brookfoam,2019-04-24,F,07:13:00,10:16:00,Raven,Spring
90a178b2-e45f-11e9-a5f1-0bb63c50fce9,5d0df8fc-e3cb-11e9-8fbb-2baf0a0e472f,2402e8e2-e3cb-11e9-a461-a3fd5a398fb8,05R74,Pacific Alpine Wormwood,2019-04-27,MTR,07:30:00,11:29:00,Buhler,Summer
90a2161e-e45f-11e9-a5f2-b781cd6afceb,5d0e2002-e3cb-11e9-8fbc-a3811336bef1,240336f8-e3cb-11e9-a462-372732212b1a,0Y9H3,Decumbent Crowngrass,2019-05-13,T,08:42:00,17:54:00,Sherman,Fall
90a2b254-e45f-11e9-a5f3-0b06449e246c,5d0e4708-e3cb-11e9-8fbd-930334d703a3,24035dfe-e3cb-11e9-a463-b77a0b87b643,0TV60,Pawale,2019-05-17,R,16:29:00,20:00:00,Nelson,Spring
90a34e94-e45f-11e9-a5f4-fb2744563cea,5d0e6e18-e3cb-11e9-8fbe-4bb39f48a2cb,24038504-e3cb-11e9-a464-0b6dfa689a12,0902X,Yellow Colicroot,2019-05-20,R,09:42:00,14:20:00,New Castle,Summer
90a3eac0-e45f-11e9-a5f5-338968484139,5d0e9528-e3cb-11e9-8fbf-ef94c34d78bc,2403ac14-e3cb-11e9-a465-2b9c06564ebb,037P0,Perilla,2019-05-28,F,15:18:00,18:01:00,Vidon,Summer
90a3eac1-e45f-11e9-a5f6-1ba471c4177c,5d0ebc2e-e3cb-11e9-8fc0-f76143467562,2403d31a-e3cb-11e9-a466-875b95539ba8,05SF3,Waterhyssop,2019-05-31,RS,15:31:00,19:38:00,Northland,Spring
90a4861a-e45f-11e9-a5f7-dfbd0ad9b61e,5d0ee334-e3cb-11e9-8fc1-0300057e4bef,2403fa2a-e3cb-11e9-a467-8b61035f2d98,0D1H4,Nectouxia,2019-06-07,M,10:56:00,15:18:00,2nd,Fall
90a521f6-e45f-11e9-a5f8-732a973bef12,5d0f0a44-e3cb-11e9-8fc2-c37ca930d31b,24042144-e3cb-11e9-a468-7bd2a30894df,021R0,Kittitas Larkspur,2019-06-07,MTW,16:20:00,20:00:00,Donald,Spring
90a5bf62-e45f-11e9-a5f9-237416ec2088,5d0f314a-e3cb-11e9-8fc3-1f04f108412a,24046f6e-e3cb-11e9-a469-a7a5d48ceb2f,BU4CZ,Strict Primrose,2019-06-08,MTW,09:27:00,16:59:00,Elgar,Fall
90a65ba2-e45f-11e9-a5fa-4f13c9e70c80,5d0f585a-e3cb-11e9-8fc4-3f3b95a60deb,2404966a-e3cb-11e9-a46a-eb9b2c0fb721,04CD4,San Bernardino Mountain Alumroot,2019-06-11,TW,13:10:00,20:00:00,Namekagon,Summer
90a6f6a2-e45f-11e9-a5fb-9fa8ef26213f,5d0f7f60-e3cb-11e9-8fc5-c738b8b0d1eb,2404bd7a-e3cb-11e9-a46b-abf884f49072,0DW03,Pacific Yerba Santa,2019-06-19,M,10:42:00,18:46:00,Darwin,Spring
90a79404-e45f-11e9-a5fc-879b8ad181b9,5d0fa666-e3cb-11e9-8fc6-43cb523377b3,24050b72-e3cb-11e9-a46c-2b022a41fe97,0QC33,Broadleaf Lupine,2019-06-26,T,08:38:00,17:49:00,Kingsford,Summer
90a8303a-e45f-11e9-a5fd-af736341934a,5d0fa667-e3cb-11e9-8fc7-ef69b9c46515,24053278-e3cb-11e9-a46d-b31b97231b9c,039Y4,Protoblastenia Lichen,2019-06-28,TRS,13:36:00,17:38:00,Brown,Fall
90a8cb9e-e45f-11e9-a5fe-fbadbd9d0689,5d0fcd6c-e3cb-11e9-8fc8-37ada49bb2e5,240580a2-e3cb-11e9-a46e-ab677f62609c,0W0M4,Echinoplaca Lichen,2019-07-02,MT,12:04:00,15:58:00,Schlimgen,Summer
90a967ca-e45f-11e9-a5ff-0b1c3521e535,5d0ff47c-e3cb-11e9-8fc9-73352556a132,2405a82a-e3cb-11e9-a46f-db4a40758356,HZ90Z,Los Pinitos Dodder,2019-07-06,F,17:03:00,20:00:00,Prentice,Spring
90aa039c-e45f-11e9-a600-830498ad5eb1,5d101b8c-e3cb-11e9-8fca-637b46847744,24061d3c-e3cb-11e9-a470-9f33415bb88d,07L84,Bird's-eye Gilia,2019-07-13,MF,18:55:00,20:00:00,Jenna,Fall
90aaa108-e45f-11e9-a601-2730ff625349,5d104292-e3cb-11e9-8fcb-d768968cb93e,240643d4-e3cb-11e9-a471-03e56dd8483b,0P9F3,Hueso Prieto,2019-07-21,MW,18:38:00,20:00:00,Tennyson,Spring
90ab3d48-e45f-11e9-a602-738e79695548,5d106998-e3cb-11e9-8fcc-5ba356b30c66,24066ada-e3cb-11e9-a472-6f3a5fb18c88,0PSC3,Flax,2019-08-09,MTFS,08:44:00,20:07:00,Esch,Summer
90ab3d49-e45f-11e9-a603-27312a907e6f,5d1090a8-e3cb-11e9-8fcd-33e2f3e387fb,24069258-e3cb-11e9-a473-d78ff025ac47,0QSH4,Trans-pecos Ayenia,2019-08-19,MW,12:46:00,20:11:00,Manufacturers,Summer
90abd82a-e45f-11e9-a604-a345d1f55bbb,5d10b7ae-e3cb-11e9-8fce-53b5b32b6033,2406b968-e3cb-11e9-a474-abc1f5be99df,4A033,Wells' Manzanita,2019-08-26,MTWS,18:00:00,20:00:00,Mallory,Spring
90abd82b-e45f-11e9-a605-37a1d712c0fe,5d10debe-e3cb-11e9-8fcf-dbc94a1a7dc4,2406e06e-e3cb-11e9-a475-6759ea0b39bc,0PP30,Nootka Alkaligrass,2019-08-30,MT,07:26:00,09:26:00,Dawn,Spring
90abd82c-e45f-11e9-a606-d39d08e7397d,5d1105ce-e3cb-11e9-8fd0-a7b139bc13ed,2407077e-e3cb-11e9-a476-c38a2befbfd7,04SC3,Vernal Water-starwort,2019-09-15,F,17:17:00,20:11:00,Stang,Spring
90ac749c-e45f-11e9-a607-4fdbbb019ba6,5d112cd4-e3cb-11e9-8fd1-932ed37373ed,24072e84-e3cb-11e9-a477-532258583846,041C0,Forchhammeria,2019-09-17,S,18:36:00,20:00:00,Harper,Fall
90ad11e0-e45f-11e9-a608-23ce904c551f,5d1153da-e3cb-11e9-8fd2-571e393a0849,24075594-e3cb-11e9-a478-c315d9a694fc,06BD0,Louisiana Parmotrema Lichen,2019-09-27,RS,11:20:00,20:00:00,Glendale,Fall
90adae16-e45f-11e9-a609-67eef52c3c97,5d117ae0-e3cb-11e9-8fd3-23daa358f555,24077c9a-e3cb-11e9-a479-6354ddd4d2d5,0JD63,Lesser Duckweed,2019-09-28,MRF,17:41:00,20:00:00,Fieldstone,Spring
90ae4916-e45f-11e9-a60a-7f2d66cc4f3b,5d11a1f0-e3cb-11e9-8fd4-33461e272b31,2407a3aa-e3cb-11e9-a47a-2379191142cf,0CSX0,Jarrah,2019-09-29,MRF,13:21:00,18:16:00,Lighthouse Bay,Summer
