ClassId,StudentId,Paid,Complete,LetterGrade,NumberGrade
90089d68-e45f-11e9-a417-8f0ee143faa6,b3695376-e3e0-11e9-9c83-d7c841bb1133,TRUE,FALSE,,
90093994-e45f-11e9-a418-277eafb6accd,b36a16b2-e3e0-11e9-9c84-13e2004e09ae,TRUE,FALSE,,
90093995-e45f-11e9-a419-f3f4e55cb6cc,b36a3e26-e3e0-11e9-9c85-bf0fa99a3aa4,TRUE,FALSE,,
90093996-e45f-11e9-a41a-871bac9135bd,b36a652c-e3e0-11e9-9c86-37f966a6f4e3,TRUE,FALSE,,
90093997-e45f-11e9-a41b-3bdfdfea6e65,b36a8bce-e3e0-11e9-9c87-f777411ee5b1,TRUE,FALSE,,
9009d5c0-e45f-11e9-a41c-db4a3b963bb1,b36ab2d4-e3e0-11e9-9c88-9b232e8539bc,TRUE,FALSE,,
9009d5c1-e45f-11e9-a41d-a30730b0f040,b36ada48-e3e0-11e9-9c89-2b8d09bb9bb7,TRUE,FALSE,,
9009d5c2-e45f-11e9-a41e-0314291e829e,b36b014e-e3e0-11e9-9c8a-a733eca15121,TRUE,FALSE,,
9009d5c3-e45f-11e9-a41f-73b3f3135e9a,b36b285e-e3e0-11e9-9c8b-1382f506412a,TRUE,FALSE,,
900a71f6-e45f-11e9-a420-dfe2e6c55063,b36b285f-e3e0-11e9-9c8c-8f4f1cf91b41,TRUE,FALSE,,
900a71f7-e45f-11e9-a421-5f7b3ca3394c,b36b4f0a-e3e0-11e9-9c8d-7b6a55bd5351,TRUE,FALSE,,
900a71f8-e45f-11e9-a422-47b62716d839,b36b766a-e3e0-11e9-9c8e-a746a85dddde,FALSE,FALSE,,
900a71f9-e45f-11e9-a423-076829a9ba04,b36b9d7a-e3e0-11e9-9c8f-d752c1a92162,FALSE,FALSE,,
900a71fa-e45f-11e9-a424-5bd1e3fdbe73,b36bc480-e3e0-11e9-9c90-ef9331d385cb,FALSE,FALSE,,
900b0e2c-e45f-11e9-a425-dfe22ff498cb,b36beb90-e3e0-11e9-9c91-77d3c4e2c799,TRUE,FALSE,,
900b0e2d-e45f-11e9-a426-93cd17ea29ca,b36c1296-e3e0-11e9-9c92-33b172d64e64,TRUE,FALSE,,
900b0e2e-e45f-11e9-a427-dbe0d432b2fe,b36c1297-e3e0-11e9-9c93-bfd9e95f8de7,TRUE,FALSE,,
900b0e2f-e45f-11e9-a428-abef5ef2ad96,b36c399c-e3e0-11e9-9c94-b7911eff49a2,FALSE,FALSE,,
900baa62-e45f-11e9-a429-8fe45bee361d,b36c60ac-e3e0-11e9-9c95-37bd97022481,TRUE,FALSE,,
900baa63-e45f-11e9-a42a-bf6b8931b2fa,b36c87b2-e3e0-11e9-9c96-e7ec5a1b9cdb,FALSE,FALSE,,
900baa64-e45f-11e9-a42b-1f2bf00aef83,b36caec2-e3e0-11e9-9c97-dfe6a01e968f,TRUE,FALSE,,
900baa65-e45f-11e9-a42c-7b39cc259726,b36cd564-e3e0-11e9-9c98-13bd0e38ac22,TRUE,FALSE,,
900baa66-e45f-11e9-a42d-bff310ce1b73,b36cfc74-e3e0-11e9-9c99-f7a592447aea,FALSE,FALSE,,
900c4698-e45f-11e9-a42e-63c289018f00,b36cfc75-e3e0-11e9-9c9a-bfa216085ae4,FALSE,FALSE,,
900c4699-e45f-11e9-a42f-5b180e4f21cd,b36d238e-e3e0-11e9-9c9b-4fa51586fbbc,TRUE,FALSE,,
900c469a-e45f-11e9-a430-af3f3d74847f,b36d4a94-e3e0-11e9-9c9c-67998fdad2d7,TRUE,FALSE,,
900c469b-e45f-11e9-a431-dfdd378b3a14,b36d71a4-e3e0-11e9-9c9d-8ff408326f50,TRUE,FALSE,,
900c469c-e45f-11e9-a432-4319765e611c,b36d98a0-e3e0-11e9-9c9e-ebf95ab5c43d,TRUE,FALSE,,
900ce2ce-e45f-11e9-a433-1b73319a3e91,b36dc014-e3e0-11e9-9c9f-7f77517e3b53,FALSE,FALSE,,
900ce2cf-e45f-11e9-a434-47b9f305fb9f,b36de710-e3e0-11e9-9ca0-f37e6abc7521,FALSE,FALSE,,
900d7fa4-e45f-11e9-a435-cf9940fa1f7b,b36e0df8-e3e0-11e9-9ca1-13bda2a1d852,TRUE,FALSE,,
900e1bda-e45f-11e9-a436-f70ffa87b13d,b36e34e0-e3e0-11e9-9ca2-3f35df1fda03,TRUE,FALSE,,
900eb810-e45f-11e9-a437-5baff4957cae,b36e34e1-e3e0-11e9-9ca3-c37a5844695f,TRUE,FALSE,,
900f5446-e45f-11e9-a438-f357e75565ff,b36e5c2c-e3e0-11e9-9ca4-77298bfa7dfc,FALSE,FALSE,,
900ff07c-e45f-11e9-a439-4b40f349702f,b36e833c-e3e0-11e9-9ca5-439e24576e4e,TRUE,FALSE,,
900ff07d-e45f-11e9-a43a-dff482d6dc64,b36eaa42-e3e0-11e9-9ca6-df756a3740a7,FALSE,FALSE,,
900ff07e-e45f-11e9-a43b-f387703f702d,b36ed152-e3e0-11e9-9ca7-4b43fed8ec8d,FALSE,FALSE,,
900ff07f-e45f-11e9-a43c-535b24003f86,b36ef862-e3e0-11e9-9ca8-9b6c2ef4040b,FALSE,FALSE,,
90108b5e-e45f-11e9-a43d-7b075d9c650e,b36f1f5e-e3e0-11e9-9ca9-ffa613bf7971,FALSE,FALSE,,
901128e8-e45f-11e9-a43e-2fe4f3c50c4f,b36f466e-e3e0-11e9-9caa-ef9c1f421083,FALSE,FALSE,,
9011c51e-e45f-11e9-a43f-0365c6b3c77f,b36f6d74-e3e0-11e9-9cab-77fffe969366,FALSE,FALSE,,
90126154-e45f-11e9-a440-f7c8b02e5281,b36f9484-e3e0-11e9-9cac-b78a772384d8,FALSE,FALSE,,
9012fc7c-e45f-11e9-a441-f7fa623638e7,b36fbb8a-e3e0-11e9-9cad-7726bbf0d7e9,TRUE,FALSE,,
9012fc7d-e45f-11e9-a442-eb31b7831526,b36fe290-e3e0-11e9-9cae-0319009272b4,FALSE,FALSE,,
9012fc7e-e45f-11e9-a443-577c2abfb738,b37009a0-e3e0-11e9-9caf-7363ccee7534,TRUE,FALSE,,
901398ee-e45f-11e9-a444-33662de2ded1,b370304c-e3e0-11e9-9cb0-1fd3d4623125,TRUE,FALSE,,
901435f6-e45f-11e9-a445-2bedc1974f5c,b370575c-e3e0-11e9-9cb1-db1110f66f9f,FALSE,FALSE,,
9014d22c-e45f-11e9-a446-7f4cce0628c2,b370575d-e3e0-11e9-9cb2-3b937a3aa998,TRUE,FALSE,,
90156e62-e45f-11e9-a447-ff67de6fe3a7,b3707e62-e3e0-11e9-9cb3-9f02beb4b00a,FALSE,FALSE,,
90160a8e-e45f-11e9-a448-5f6751c251bf,b370a572-e3e0-11e9-9cb4-4bb518719a9b,FALSE,FALSE,,
90160a8f-e45f-11e9-a449-53a5d5044be3,b370cc78-e3e0-11e9-9cb5-8b0857048254,TRUE,FALSE,,
90160a90-e45f-11e9-a44a-bf778591ae9c,b370f3e2-e3e0-11e9-9cb6-9f1f1558e16d,FALSE,FALSE,,
9016a62e-e45f-11e9-a44b-972f51c13ac9,b3711a8e-e3e0-11e9-9cb7-8f9a2b027c93,TRUE,FALSE,,
9016a62f-e45f-11e9-a44c-9b6801254b01,b37141f8-e3e0-11e9-9cb8-573ba9c1974b,FALSE,FALSE,,
9016a630-e45f-11e9-a44d-77073064e776,b3716908-e3e0-11e9-9cb9-ef96a8d05e0f,TRUE,FALSE,,
9016a631-e45f-11e9-a44e-1f426173404b,b3718fd2-e3e0-11e9-9cba-dfe03d8327fc,TRUE,FALSE,,
901741a6-e45f-11e9-a44f-13ab96182f0a,b371b714-e3e0-11e9-9cbb-7fadbe222183,FALSE,FALSE,,
901741a7-e45f-11e9-a450-23c052c77f63,b371b715-e3e0-11e9-9cbc-7b80f6865e33,TRUE,FALSE,,
901741a8-e45f-11e9-a451-4f149f715632,b371de1a-e3e0-11e9-9cbd-4356ba537fd0,FALSE,FALSE,,
901741a9-e45f-11e9-a452-e7941ec0c90c,b372052a-e3e0-11e9-9cbe-a35f0bb24d43,TRUE,FALSE,,
9017de9a-e45f-11e9-a453-a37fa67847d0,b3722c3a-e3e0-11e9-9cbf-a355414c82ea,FALSE,FALSE,,
9017de9b-e45f-11e9-a454-db5780a99ff9,b3725340-e3e0-11e9-9cc0-6bc7cd281090,TRUE,FALSE,,
9017de9c-e45f-11e9-a455-d75821ab24d8,b37279ec-e3e0-11e9-9cc1-9779442afa23,FALSE,FALSE,,
9017de9d-e45f-11e9-a456-7b34a21a7c53,b372a0f2-e3e0-11e9-9cc2-a3ea058316bf,FALSE,FALSE,,
9017de9e-e45f-11e9-a457-eb01cb77d678,b372c88e-e3e0-11e9-9cc3-577b58713547,FALSE,FALSE,,
90187ad0-e45f-11e9-a458-174099550123,b372ef9e-e3e0-11e9-9cc4-876540d24234,FALSE,FALSE,,
90187ad1-e45f-11e9-a459-5f7a571d03f1,b372ef9f-e3e0-11e9-9cc5-33edc784439d,FALSE,FALSE,,
90187ad2-e45f-11e9-a45a-b32f7802a69b,b373169a-e3e0-11e9-9cc6-c7e47a3daac3,FALSE,FALSE,,
90187ad3-e45f-11e9-a45b-ebd3a890bb79,b3733daa-e3e0-11e9-9cc7-dbf8c9c8909b,FALSE,FALSE,,
90187ad4-e45f-11e9-a45c-8343a8955587,b3736424-e3e0-11e9-9cc8-335d2b01f1cd,FALSE,FALSE,,
90191706-e45f-11e9-a45d-0b58d34bf692,b3738b34-e3e0-11e9-9cc9-cbb77779f203,TRUE,FALSE,,
90191707-e45f-11e9-a45e-dbd7bc705afc,b373b23a-e3e0-11e9-9cca-d70602479dc5,TRUE,FALSE,,
90191708-e45f-11e9-a45f-5b07862472a8,b373d94a-e3e0-11e9-9ccb-fb8bf94acdab,FALSE,FALSE,,
90191709-e45f-11e9-a460-37ed059bc40e,b3740046-e3e0-11e9-9ccc-9fe881a5bb6e,FALSE,FALSE,,
9019b33c-e45f-11e9-a461-737e84ba3310,b374276a-e3e0-11e9-9ccd-7b1513f16afa,FALSE,FALSE,,
9019b33d-e45f-11e9-a462-4f6b6d325d8c,b3744eca-e3e0-11e9-9cce-afe873e2b242,FALSE,FALSE,,
9019b33e-e45f-11e9-a463-27f37eb66f33,b3747576-e3e0-11e9-9ccf-dfa7dd9ab5b5,FALSE,FALSE,,
9019b33f-e45f-11e9-a464-1bec1306eb7e,b3749c72-e3e0-11e9-9cd0-6747160546e5,TRUE,FALSE,,
9019b340-e45f-11e9-a465-0fa23e6007a8,b374c378-e3e0-11e9-9cd1-1f226fdb7c9d,FALSE,FALSE,,
901a4f72-e45f-11e9-a466-af22f6f85532,b374c379-e3e0-11e9-9cd2-ef55e3c58aca,FALSE,FALSE,,
901a4f73-e45f-11e9-a467-f7826751f0d8,b374ea88-e3e0-11e9-9cd3-83b94c83a772,TRUE,FALSE,,
901a4f74-e45f-11e9-a468-3f8dc9978b14,b3751198-e3e0-11e9-9cd4-1f96b6098fcd,TRUE,FALSE,,
901a4f75-e45f-11e9-a469-97beb20a03d7,b375389e-e3e0-11e9-9cd5-03f18a0951ba,FALSE,FALSE,,
901aeb9e-e45f-11e9-a46a-73f3ffd49172,b3755fa4-e3e0-11e9-9cd6-2fbaa7b7cbe8,TRUE,FALSE,,
901aeb9f-e45f-11e9-a46b-eb13ba8f7fff,b37586b4-e3e0-11e9-9cd7-739de5496e88,TRUE,FALSE,,
901aeba0-e45f-11e9-a46c-2f7eca79c96a,b375adc4-e3e0-11e9-9cd8-47de18108dc6,FALSE,FALSE,,
901aeba1-e45f-11e9-a46d-234ade143378,b375adc5-e3e0-11e9-9cd9-375ea09396e2,TRUE,FALSE,,
901aeba2-e45f-11e9-a46e-2b45e2abfff5,b375d4ca-e3e0-11e9-9cda-c712bef51ea6,TRUE,FALSE,,
901b87d4-e45f-11e9-a46f-db6076d9afd6,b375fbda-e3e0-11e9-9cdb-d32f5f8c9df9,TRUE,FALSE,,
901b87d5-e45f-11e9-a470-07c11ec326bc,b37622d6-e3e0-11e9-9cdc-671f923a657e,FALSE,FALSE,,
901b87d6-e45f-11e9-a471-e73194369177,b37649dc-e3e0-11e9-9cdd-6b50bb831b55,TRUE,FALSE,,
901b87d7-e45f-11e9-a472-23829ee79a89,b37670ec-e3e0-11e9-9cde-efb4e4cc80bc,FALSE,FALSE,,
901b87d8-e45f-11e9-a473-d34d440ff2e0,b37697f2-e3e0-11e9-9cdf-ebcdff9f4d2b,TRUE,FALSE,,
901c2414-e45f-11e9-a474-0b27f88e4266,b376bf0c-e3e0-11e9-9ce0-2b21b6370c06,TRUE,FALSE,,
901c2415-e45f-11e9-a475-4b73b51f402a,b376e608-e3e0-11e9-9ce1-174695f9c031,FALSE,FALSE,,
901c2416-e45f-11e9-a476-37fe2468de3a,b3770d2c-e3e0-11e9-9ce2-1f3c5edded9f,TRUE,FALSE,,
901c2417-e45f-11e9-a477-ff5a2329f2b7,b3773428-e3e0-11e9-9ce3-03b952b0de48,TRUE,FALSE,,
901cc040-e45f-11e9-a478-6b8379b11ea6,b3775bec-e3e0-11e9-9ce4-cb7a0f83bdcf,TRUE,FALSE,,
901cc041-e45f-11e9-a479-9bf5804a2851,b377823e-e3e0-11e9-9ce5-df596ffec0d5,FALSE,FALSE,,
901cc042-e45f-11e9-a47a-d7af31928528,b377a944-e3e0-11e9-9ce6-6707c0a7f2be,TRUE,FALSE,,
901cc043-e45f-11e9-a47b-ef7034b647e8,b377d04a-e3e0-11e9-9ce7-b3a48bff7351,TRUE,FALSE,,
901cc044-e45f-11e9-a47c-eb31f37d621b,b377f750-e3e0-11e9-9ce8-e394930fe0ba,TRUE,FALSE,,
901d5c80-e45f-11e9-a47d-833a0435ead5,b377f751-e3e0-11e9-9ce9-73ab56748cad,FALSE,FALSE,,
901d5c81-e45f-11e9-a47e-8be56fa2f544,b3781e60-e3e0-11e9-9cea-df4266272dfe,TRUE,FALSE,,
901d5c82-e45f-11e9-a47f-c3a047223d52,b3784566-e3e0-11e9-9ceb-776201052a81,FALSE,FALSE,,
901d5c83-e45f-11e9-a480-636707404308,b3786c6c-e3e0-11e9-9cec-f3191c6ae54e,FALSE,FALSE,,
901d5c84-e45f-11e9-a481-e7b757df4b00,b378937c-e3e0-11e9-9ced-9361b6717929,TRUE,FALSE,,
901df8ac-e45f-11e9-a482-fbfa5b82ec81,b378ba82-e3e0-11e9-9cee-df8a3b912713,TRUE,FALSE,,
901df8ad-e45f-11e9-a483-8f17a6e02e83,b378e188-e3e0-11e9-9cef-9b9e43a13a23,TRUE,FALSE,,
901df8ae-e45f-11e9-a484-e37351c15cbf,b378e189-e3e0-11e9-9cf0-570b251316b2,FALSE,FALSE,,
901df8af-e45f-11e9-a485-338264712dff,b3790898-e3e0-11e9-9cf1-abb63c591c33,TRUE,FALSE,,
901e94ec-e45f-11e9-a486-0be791147c26,b3792f9e-e3e0-11e9-9cf2-e764e448deca,FALSE,FALSE,,
901e94ed-e45f-11e9-a487-0b2adf3c7f80,b37956ae-e3e0-11e9-9cf3-c3bb78288e00,TRUE,FALSE,,
901e94ee-e45f-11e9-a488-330cd368c1d9,b3797db4-e3e0-11e9-9cf4-4767d45e17e8,FALSE,FALSE,,
901e94ef-e45f-11e9-a489-934b2ff89d85,b379a4c4-e3e0-11e9-9cf5-23ff3aad8fa7,FALSE,FALSE,,
901e94f0-e45f-11e9-a48a-676788ce920e,b379cbd4-e3e0-11e9-9cf6-dbb2e5edd2eb,FALSE,FALSE,,
901f3118-e45f-11e9-a48b-070a4550503e,b379f2da-e3e0-11e9-9cf7-bf90faaf3ae3,FALSE,FALSE,,
901f3119-e45f-11e9-a48c-d70cc3b75e26,b37a19ea-e3e0-11e9-9cf8-67275e77ac62,FALSE,FALSE,,
901f311a-e45f-11e9-a48d-876b1023f362,b37a40fa-e3e0-11e9-9cf9-dfc0fecfba00,FALSE,FALSE,,
901f311b-e45f-11e9-a48e-23c3acd5df11,b37a6800-e3e0-11e9-9cfa-4f50c14e792e,FALSE,FALSE,,
901f311c-e45f-11e9-a48f-670e3961ad91,b37a8efc-e3e0-11e9-9cfb-27e37314cef4,FALSE,FALSE,,
901fcd4e-e45f-11e9-a490-d7e0ea16277f,b37ab60c-e3e0-11e9-9cfc-db85ef240620,TRUE,FALSE,,
901fcd4f-e45f-11e9-a491-33cb2dedf71c,b37ab60d-e3e0-11e9-9cfd-4fef5337ddd7,FALSE,FALSE,,
901fcd50-e45f-11e9-a492-b311cdb2413f,b37add12-e3e0-11e9-9cfe-7386fc8512b9,FALSE,FALSE,,
901fcd51-e45f-11e9-a493-0f63b18aeede,b37b0418-e3e0-11e9-9cff-5f4655076390,FALSE,FALSE,,
9020698e-e45f-11e9-a494-3f320cc46d60,b37b2b28-e3e0-11e9-9d00-3394ac33abfd,FALSE,FALSE,,
9020698f-e45f-11e9-a495-7be136696039,b37b522e-e3e0-11e9-9d01-fb05cba164ab,TRUE,FALSE,,
90206990-e45f-11e9-a496-330cb01963f9,b37b793e-e3e0-11e9-9d02-9ba7b1023f24,TRUE,FALSE,,
90206991-e45f-11e9-a497-7749b2adca71,b37ba044-e3e0-11e9-9d03-abb1edd5f237,FALSE,FALSE,,
90206992-e45f-11e9-a498-930dc4000109,b37ba045-e3e0-11e9-9d04-4ffe949f0447,TRUE,FALSE,,
902105ba-e45f-11e9-a499-ebd2f59e3ad0,b37bc74a-e3e0-11e9-9d05-4752af124d89,FALSE,FALSE,,
902105bb-e45f-11e9-a49a-efac55091eef,b37bee5a-e3e0-11e9-9d06-0f38dad11c3c,FALSE,FALSE,,
9021a1a0-e45f-11e9-a49b-fb7599a1051d,b37c1560-e3e0-11e9-9d07-f7d359ceb55d,TRUE,FALSE,,
90223dc2-e45f-11e9-a49c-fb45c670828d,b37c3c70-e3e0-11e9-9d08-8fd162e7a045,TRUE,FALSE,,
9022db10-e45f-11e9-a49d-b74bc3674bce,b37c6376-e3e0-11e9-9d09-5fafc236cfe2,FALSE,FALSE,,
9023773c-e45f-11e9-a49e-87c4e88f750d,b37c8a86-e3e0-11e9-9d0a-07e3663a4874,TRUE,FALSE,,
9024afa8-e45f-11e9-a49f-cba8d7deef4a,b37c8a87-e3e0-11e9-9d0b-c3cf3c0d3153,TRUE,FALSE,,
90254bde-e45f-11e9-a4a0-8b3aaf52d890,b37cb18c-e3e0-11e9-9d0c-576763d1c884,FALSE,FALSE,,
9025e814-e45f-11e9-a4a1-57b53b565178,b37cd89c-e3e0-11e9-9d0d-6b4c61d6ac97,FALSE,FALSE,,
90272080-e45f-11e9-a4a2-1f99cd38e963,b37cffac-e3e0-11e9-9d0e-0f502294dc74,TRUE,FALSE,,
9027bcb6-e45f-11e9-a4a3-ef642b5c68f7,b37d26b2-e3e0-11e9-9d0f-4f5db69958ec,FALSE,FALSE,,
9027bcb7-e45f-11e9-a4a4-9ff987f5016d,b37d4dc2-e3e0-11e9-9d10-1fcc4eac5fb3,FALSE,FALSE,,
9027bcb8-e45f-11e9-a4a5-7f27fe49c528,b37d74c8-e3e0-11e9-9d11-c3551a0ceed8,TRUE,FALSE,,
9028581a-e45f-11e9-a4a6-bbbac1b5db81,b37d9bd8-e3e0-11e9-9d12-036e3e7fd1db,FALSE,FALSE,,
9028f3d8-e45f-11e9-a4a7-6f79b0fcb281,b37dc2de-e3e0-11e9-9d13-aba8d39c3759,FALSE,FALSE,,
90299158-e45f-11e9-a4a8-7ff0ab9d6b15,b37dc2df-e3e0-11e9-9d14-6b4dbf1480f4,FALSE,FALSE,,
902a2c4e-e45f-11e9-a4a9-8bc9224be6cb,b37de9e4-e3e0-11e9-9d15-a72fb20cb056,FALSE,FALSE,,
902ac9c4-e45f-11e9-a4aa-27a1b298c926,b37e10ea-e3e0-11e9-9d16-cbdaf25795b4,FALSE,FALSE,,
902b64ba-e45f-11e9-a4ab-5fd6e05e1931,b37e37f0-e3e0-11e9-9d17-2fe97d605eb4,FALSE,FALSE,,
902c9d30-e45f-11e9-a4ac-abb3106162e7,b37e5f00-e3e0-11e9-9d18-bf4087ded9aa,FALSE,FALSE,,
902d3a9c-e45f-11e9-a4ad-d36ebfdcb61a,b37e8606-e3e0-11e9-9d19-8bbb3d36da32,TRUE,FALSE,,
902dd5a6-e45f-11e9-a4ae-d3bf86d0db82,b37ead16-e3e0-11e9-9d1a-6fc2714c44a4,TRUE,FALSE,,
902e7308-e45f-11e9-a4af-9fba7c136f33,b37ead17-e3e0-11e9-9d1b-bf2a2276c30b,TRUE,FALSE,,
902f0f3e-e45f-11e9-a4b0-4b34a2bbc5ea,b37ed41c-e3e0-11e9-9d1c-47a3eb9bb3c9,TRUE,FALSE,,
902faa34-e45f-11e9-a4b1-9ff9c72b7dd9,b37efb2c-e3e0-11e9-9d1d-d7d50b941d2f,TRUE,FALSE,,
902faa35-e45f-11e9-a4b2-d7c240831a09,b37f2232-e3e0-11e9-9d1e-fff4354b214f,FALSE,FALSE,,
902faa36-e45f-11e9-a4b3-7f9731ae9e0f,b37f4938-e3e0-11e9-9d1f-2b00db1f5f67,TRUE,FALSE,,
902faa37-e45f-11e9-a4b4-dbfa944e10a9,b37f7048-e3e0-11e9-9d20-774b1123dd5a,TRUE,FALSE,,
903046d8-e45f-11e9-a4b5-d345cf64fcbe,b37f974e-e3e0-11e9-9d21-d361a47439ee,FALSE,FALSE,,
9030e304-e45f-11e9-a4b6-e33e5bc46799,b37f974f-e3e0-11e9-9d22-7bab19fff028,TRUE,FALSE,,
90317f1c-e45f-11e9-a4b7-1fa5110eb314,b37fbe5e-e3e0-11e9-9d23-eb787fceccff,TRUE,FALSE,,
90321c4c-e45f-11e9-a4b8-67e9865a757a,b37fe564-e3e0-11e9-9d24-6fc74a3ef6b6,FALSE,FALSE,,
9032b878-e45f-11e9-a4b9-a31af39d4043,b3800c74-e3e0-11e9-9d25-970184a3273c,TRUE,FALSE,,
9033540e-e45f-11e9-a4ba-4f4a1027558b,b3803384-e3e0-11e9-9d26-fb8243a74bf4,TRUE,FALSE,,
9033540f-e45f-11e9-a4bb-03b826b7425e,b3805a8a-e3e0-11e9-9d27-ebef56556439,FALSE,FALSE,,
90335410-e45f-11e9-a4bc-9fe5c04f6eeb,b3808190-e3e0-11e9-9d28-7f4778ae69b4,TRUE,FALSE,,
90335411-e45f-11e9-a4bd-0ff0566b56fd,b380a8aa-e3e0-11e9-9d29-675828b24090,FALSE,FALSE,,
90335412-e45f-11e9-a4be-8fc529204832,b380a8ab-e3e0-11e9-9d2a-6fff48b4d4ec,TRUE,FALSE,,
9033f044-e45f-11e9-a4bf-973e9ac7a877,b380cfa6-e3e0-11e9-9d2b-938681805e9f,TRUE,FALSE,,
9033f045-e45f-11e9-a4c0-3baf08355101,b380f6ac-e3e0-11e9-9d2c-736b7aefa4fd,TRUE,FALSE,,
9033f046-e45f-11e9-a4c1-cb159268dbac,b3811db2-e3e0-11e9-9d2d-b3f315288d6d,TRUE,FALSE,,
9033f047-e45f-11e9-a4c2-cb3875533a96,b38144c2-e3e0-11e9-9d2e-1ba5a74d4792,FALSE,FALSE,,
90348c70-e45f-11e9-a4c3-9f622e3a13e0,b3816bc8-e3e0-11e9-9d2f-d71b8918a9b4,TRUE,FALSE,,
90348c71-e45f-11e9-a4c4-c75b04772079,b38192d8-e3e0-11e9-9d30-f781540519c0,FALSE,FALSE,,
90348c72-e45f-11e9-a4c5-93f19c347c14,b38192d9-e3e0-11e9-9d31-27e957a23916,TRUE,FALSE,,
90348c73-e45f-11e9-a4c6-23b2a8a54a74,b381b9e8-e3e0-11e9-9d32-0b168c2c76e4,FALSE,FALSE,,
90348c74-e45f-11e9-a4c7-1f337f8dce8f,b381e0ee-e3e0-11e9-9d33-574c050729fc,FALSE,FALSE,,
903528a6-e45f-11e9-a4c8-fbc6843beaac,b38207f4-e3e0-11e9-9d34-a35759c891fd,FALSE,FALSE,,
9035c586-e45f-11e9-a4c9-135e1e8bd4ad,b3822efa-e3e0-11e9-9d35-c792142d9e19,TRUE,FALSE,,
903661c6-e45f-11e9-a4ca-ab86584cafae,b382560a-e3e0-11e9-9d36-7b1d9e8882ab,TRUE,FALSE,,
9036fdf2-e45f-11e9-a4cb-23358c33cb9e,b3827d10-e3e0-11e9-9d37-afc2a91225bf,TRUE,FALSE,,
90379a28-e45f-11e9-a4cc-db3ee3013f61,b3827d11-e3e0-11e9-9d38-6f21b3c100ab,FALSE,FALSE,,
90379a29-e45f-11e9-a4cd-f79ea508db58,b382a420-e3e0-11e9-9d39-1f92dd3b31ce,TRUE,FALSE,,
90383668-e45f-11e9-a4ce-6b7ff108168f,b382cb26-e3e0-11e9-9d3a-033c06d88164,FALSE,FALSE,,
9038d29e-e45f-11e9-a4cf-030e9c0ca664,b382f22c-e3e0-11e9-9d3b-df81728bd771,TRUE,FALSE,,
90396ed4-e45f-11e9-a4d0-9740555cd66c,b383193c-e3e0-11e9-9d3c-3fa30417fb77,TRUE,FALSE,,
90396ed5-e45f-11e9-a4d1-e3fd32b6858a,b3834042-e3e0-11e9-9d3d-6771ee757339,TRUE,FALSE,,
90396ed6-e45f-11e9-a4d2-436761b53aed,b383675c-e3e0-11e9-9d3e-933dade07201,FALSE,FALSE,,
90396ed7-e45f-11e9-a4d3-67a366bc5c8c,b383675d-e3e0-11e9-9d3f-3f6c5a0a08db,TRUE,FALSE,,
903a0a56-e45f-11e9-a4d4-a7cc2e7f0d8d,b3838e62-e3e0-11e9-9d40-afeec6b22b51,FALSE,FALSE,,
903a0a57-e45f-11e9-a4d5-8b2c410f7370,b383b572-e3e0-11e9-9d41-1f3f4aa57ef1,FALSE,FALSE,,
903a0a58-e45f-11e9-a4d6-97f2c66fba91,b383dc82-e3e0-11e9-9d42-0f901b37eea4,TRUE,FALSE,,
903a0a59-e45f-11e9-a4d7-8fabd5d6d0d6,b384037e-e3e0-11e9-9d43-5b85744549d8,TRUE,FALSE,,
903a0a5a-e45f-11e9-a4d8-8724cbc471f4,b3842a84-e3e0-11e9-9d44-f733530ceed0,TRUE,FALSE,,
903aa68c-e45f-11e9-a4d9-f3623d0e221f,b3845248-e3e0-11e9-9d45-8ba137c29d86,FALSE,FALSE,,
903aa68d-e45f-11e9-a4da-37e167b00443,b384794e-e3e0-11e9-9d46-ab03e8bb5d40,FALSE,FALSE,,
903aa68e-e45f-11e9-a4db-dfcd76520c2d,b3849fb4-e3e0-11e9-9d47-439a1659bcee,FALSE,FALSE,,
903b42a4-e45f-11e9-a4dc-1303cdfa4b47,b384c6b0-e3e0-11e9-9d48-93c167fb79e5,FALSE,FALSE,,
903b42a5-e45f-11e9-a4dd-db5fd72c8032,b384c6b1-e3e0-11e9-9d49-d7890c5031a0,FALSE,FALSE,,
903b42a6-e45f-11e9-a4de-2f757218f1bf,b384ee6a-e3e0-11e9-9d4a-0b4f92d8a438,TRUE,FALSE,,
903b42a7-e45f-11e9-a4df-9728b4dbc6f3,b385157a-e3e0-11e9-9d4b-ef6fe33c07d4,FALSE,FALSE,,
903b42a8-e45f-11e9-a4e0-3f64f814a28c,b3853c80-e3e0-11e9-9d4c-33af87e8f5e3,TRUE,FALSE,,
903bdef8-e45f-11e9-a4e1-673de5aa435f,b3856386-e3e0-11e9-9d4d-b703eaa9d288,FALSE,FALSE,,
903bdef9-e45f-11e9-a4e2-cb7887e52bec,b3858b04-e3e0-11e9-9d4e-0ffd5b8eb50e,FALSE,FALSE,,
903bdefa-e45f-11e9-a4e3-1b1785c89a7e,b385b1a6-e3e0-11e9-9d4f-ff85768d0cc1,FALSE,FALSE,,
903bdefb-e45f-11e9-a4e4-83ec1003fd68,b385b1a7-e3e0-11e9-9d50-b7dc25681060,TRUE,FALSE,,
903bdefc-e45f-11e9-a4e5-8fb19615cf37,b385d8ac-e3e0-11e9-9d51-b39872147e7e,FALSE,FALSE,,
903c7b2e-e45f-11e9-a4e6-678810c7b92c,b385ffb2-e3e0-11e9-9d52-b3ace8d50a92,FALSE,FALSE,,
903c7b2f-e45f-11e9-a4e7-97f847199c8a,b38626c2-e3e0-11e9-9d53-738829114b93,TRUE,FALSE,,
903c7b30-e45f-11e9-a4e8-3f3f4240093c,b3864dc8-e3e0-11e9-9d54-b38ddecbe471,FALSE,FALSE,,
903c7b31-e45f-11e9-a4e9-b3bc1889a89b,b3867424-e3e0-11e9-9d55-ab4e8436d042,TRUE,FALSE,,
903d16ba-e45f-11e9-a4ea-e32d22e1779d,b3869b34-e3e0-11e9-9d56-27aa3b833567,FALSE,FALSE,,
903d16bb-e45f-11e9-a4eb-c3528dd68591,b386c23a-e3e0-11e9-9d57-53f7a2b3565c,TRUE,FALSE,,
903d16bc-e45f-11e9-a4ec-43a61f7c7b14,b386e99a-e3e0-11e9-9d58-5b876ec0bae4,TRUE,FALSE,,
903d16bd-e45f-11e9-a4ed-1be766b385a8,b3871050-e3e0-11e9-9d59-330646a675ee,FALSE,FALSE,,
903d16be-e45f-11e9-a4ee-3718ed9eff0f,b387380a-e3e0-11e9-9d5a-07fc08f06fe1,FALSE,FALSE,,
903db3a4-e45f-11e9-a4ef-4bc9ac17aa56,b3875f10-e3e0-11e9-9d5b-ffe4521c6ea5,FALSE,FALSE,,
903db3a5-e45f-11e9-a4f0-13df3cb450af,b3875f11-e3e0-11e9-9d5c-fb49311e4132,TRUE,FALSE,,
903db3a6-e45f-11e9-a4f1-1ba706992643,b3878620-e3e0-11e9-9d5d-6f5dd02b99ae,TRUE,FALSE,,
903db3a7-e45f-11e9-a4f2-9b6275344b9c,b387ad26-e3e0-11e9-9d5e-9fcf99f60559,TRUE,FALSE,,
903db3a8-e45f-11e9-a4f3-5b1768a5a4e6,b387d42c-e3e0-11e9-9d5f-232edad7bad5,FALSE,FALSE,,
903e4fd0-e45f-11e9-a4f4-9b62eb09ef9b,b387fb0a-e3e0-11e9-9d60-ff6b816210f5,TRUE,FALSE,,
903e4fd1-e45f-11e9-a4f5-9fad69aab68f,b3882210-e3e0-11e9-9d61-1bd6d3db4c0a,FALSE,FALSE,,
903e4fd2-e45f-11e9-a4f6-7b9be419d0a9,b38848ee-e3e0-11e9-9d62-0f778ba73fca,TRUE,FALSE,,
903e4fd3-e45f-11e9-a4f7-032657f4dd23,b38848ef-e3e0-11e9-9d63-3b857dd84913,TRUE,FALSE,,
903eeb52-e45f-11e9-a4f8-d7c3ac933ea4,b3887030-e3e0-11e9-9d64-0fe52f2e88f2,FALSE,FALSE,,
903eeb53-e45f-11e9-a4f9-8fbf7229063f,b3889736-e3e0-11e9-9d65-7708557a3337,FALSE,FALSE,,
903f8904-e45f-11e9-a4fa-bf9ce99943c4,b388be46-e3e0-11e9-9d66-a3329092b5a8,FALSE,FALSE,,
90402530-e45f-11e9-a4fb-3335b77b8cba,b388e54c-e3e0-11e9-9d67-df57c5d8096b,FALSE,FALSE,,
9040c166-e45f-11e9-a4fc-eb40faf63141,b3890bd0-e3e0-11e9-9d68-03e120afbe36,FALSE,FALSE,,
90415d92-e45f-11e9-a4fd-232eccb57b0f,b3893362-e3e0-11e9-9d69-97b81383afd3,FALSE,FALSE,,
9041f9c8-e45f-11e9-a4fe-47d877a9ac36,b3893363-e3e0-11e9-9d6a-97d456381d80,FALSE,FALSE,,
904295fe-e45f-11e9-a4ff-db2d5f9ed1aa,b38959dc-e3e0-11e9-9d6b-0baa803039b7,FALSE,FALSE,,
904295ff-e45f-11e9-a500-4fce0c042c75,b389816e-e3e0-11e9-9d6c-63e81cb6fa60,TRUE,FALSE,,
90429600-e45f-11e9-a501-7306f1eef2fa,b389a888-e3e0-11e9-9d6d-03e4312f0149,TRUE,FALSE,,
90433194-e45f-11e9-a502-a77a9bdc85de,b389cf0c-e3e0-11e9-9d6e-2f64dff9e4f2,TRUE,FALSE,,
90433195-e45f-11e9-a503-ebf8b2f2e170,b389f612-e3e0-11e9-9d6f-6789fee51150,TRUE,FALSE,,
90433196-e45f-11e9-a504-7f34c354b277,b38a1d22-e3e0-11e9-9d70-6b3db3bdb6e5,FALSE,FALSE,,
90433197-e45f-11e9-a505-47c92f03ab6a,b38a441e-e3e0-11e9-9d71-ab7b68122e8d,TRUE,FALSE,,
90433198-e45f-11e9-a506-6b42cc4bdb9d,b38a6b38-e3e0-11e9-9d72-cf60a276d98d,FALSE,FALSE,,
9043cdc0-e45f-11e9-a507-635a9b652ccd,b38a92f2-e3e0-11e9-9d73-3fb3006eca88,FALSE,FALSE,,
9043cdc1-e45f-11e9-a508-d7b51fd2c07d,b38ab99e-e3e0-11e9-9d74-2b918aadcf27,TRUE,FALSE,,
9043cdc2-e45f-11e9-a509-f31428c10f91,b38ae0fe-e3e0-11e9-9d75-531db5307b14,TRUE,FALSE,,
9043cdc3-e45f-11e9-a50a-7b0423b4090e,b38b080e-e3e0-11e9-9d76-7b586fbba289,TRUE,FALSE,,
9043cdc4-e45f-11e9-a50b-fba794b2b927,b38b080f-e3e0-11e9-9d77-83693889bdcb,FALSE,FALSE,,
904469f6-e45f-11e9-a50c-237fdb762461,b38b2f14-e3e0-11e9-9d78-371626b0f27b,TRUE,FALSE,,
904469f7-e45f-11e9-a50d-a3e661f00b38,b38b561a-e3e0-11e9-9d79-331ebd42dc56,TRUE,FALSE,,
904469f8-e45f-11e9-a50e-e31a7c4380a6,b38b7d2a-e3e0-11e9-9d7a-2f27044ce4f7,TRUE,FALSE,,
904469f9-e45f-11e9-a50f-730468e9dd5a,b38ba430-e3e0-11e9-9d7b-ffb10bcb06c8,FALSE,FALSE,,
90450636-e45f-11e9-a510-7ff330def55a,b3695376-e3e0-11e9-9c83-d7c841bb1133,FALSE,FALSE,,
90450637-e45f-11e9-a511-0bcb0c28248c,b36a16b2-e3e0-11e9-9c84-13e2004e09ae,FALSE,FALSE,,
90450638-e45f-11e9-a512-7f05feaed20a,b36a3e26-e3e0-11e9-9c85-bf0fa99a3aa4,TRUE,FALSE,,
90450639-e45f-11e9-a513-a7ccfd15647d,b36a652c-e3e0-11e9-9c86-37f966a6f4e3,TRUE,FALSE,,
9045063a-e45f-11e9-a514-0727dd7de6d5,b36a8bce-e3e0-11e9-9c87-f777411ee5b1,FALSE,FALSE,,
9045a24e-e45f-11e9-a515-2b475789e375,b36ab2d4-e3e0-11e9-9c88-9b232e8539bc,TRUE,FALSE,,
9045a24f-e45f-11e9-a516-276c23e8b852,b36ada48-e3e0-11e9-9c89-2b8d09bb9bb7,FALSE,FALSE,,
9045a250-e45f-11e9-a517-13f73d74090f,b36b014e-e3e0-11e9-9c8a-a733eca15121,FALSE,FALSE,,
9045a251-e45f-11e9-a518-cfbc6e475d10,b36b285e-e3e0-11e9-9c8b-1382f506412a,FALSE,FALSE,,
9045a252-e45f-11e9-a519-4709431e8ed8,b36b285f-e3e0-11e9-9c8c-8f4f1cf91b41,FALSE,FALSE,,
90463e8e-e45f-11e9-a51a-dbfad60ad3c5,b36b4f0a-e3e0-11e9-9c8d-7b6a55bd5351,FALSE,FALSE,,
90463e8f-e45f-11e9-a51b-c33647c9b796,b36b766a-e3e0-11e9-9c8e-a746a85dddde,TRUE,FALSE,,
90463e90-e45f-11e9-a51c-ffa9d312e548,b36b9d7a-e3e0-11e9-9c8f-d752c1a92162,TRUE,FALSE,,
90463e91-e45f-11e9-a51d-3f88e39086c0,b36bc480-e3e0-11e9-9c90-ef9331d385cb,TRUE,FALSE,,
9046db0a-e45f-11e9-a51e-6367d722308e,b36beb90-e3e0-11e9-9c91-77d3c4e2c799,TRUE,FALSE,,
9046db0b-e45f-11e9-a51f-179f4d4343ab,b36c1296-e3e0-11e9-9c92-33b172d64e64,FALSE,FALSE,,
9046db0c-e45f-11e9-a520-7f11923a41ee,b36c1297-e3e0-11e9-9c93-bfd9e95f8de7,FALSE,FALSE,,
9046db0d-e45f-11e9-a521-97c61873ebed,b36c399c-e3e0-11e9-9c94-b7911eff49a2,FALSE,FALSE,,
9046db0e-e45f-11e9-a522-77ef92db14ae,b36c60ac-e3e0-11e9-9c95-37bd97022481,TRUE,FALSE,,
904776fa-e45f-11e9-a523-8f5764645d49,b36c87b2-e3e0-11e9-9c96-e7ec5a1b9cdb,TRUE,FALSE,,
90481312-e45f-11e9-a524-0f4ed45278bc,b36caec2-e3e0-11e9-9c97-dfe6a01e968f,FALSE,FALSE,,
9048b010-e45f-11e9-a525-fbba3245881d,b36cd564-e3e0-11e9-9c98-13bd0e38ac22,FALSE,FALSE,,
90494c46-e45f-11e9-a526-d3118a84cf70,b36cfc74-e3e0-11e9-9c99-f7a592447aea,FALSE,FALSE,,
9049e872-e45f-11e9-a527-5304d5256a30,b36cfc75-e3e0-11e9-9c9a-bfa216085ae4,TRUE,FALSE,,
9049e873-e45f-11e9-a528-d31917b80183,b36d238e-e3e0-11e9-9c9b-4fa51586fbbc,FALSE,FALSE,,
904a84a8-e45f-11e9-a529-7b41cd0a851a,b36d4a94-e3e0-11e9-9c9c-67998fdad2d7,FALSE,FALSE,,
904b1f80-e45f-11e9-a52a-0fd9866aa8f7,b36d71a4-e3e0-11e9-9c9d-8ff408326f50,FALSE,FALSE,,
904b1f81-e45f-11e9-a52b-4fa183768243,b36d98a0-e3e0-11e9-9c9e-ebf95ab5c43d,TRUE,FALSE,,
904b1f82-e45f-11e9-a52c-7f1adc976875,b36dc014-e3e0-11e9-9c9f-7f77517e3b53,FALSE,FALSE,,
904b1f83-e45f-11e9-a52d-f35ad59566b7,b36de710-e3e0-11e9-9ca0-f37e6abc7521,FALSE,FALSE,,
904b1f84-e45f-11e9-a52e-3bfa7a5fee07,b36e0df8-e3e0-11e9-9ca1-13bda2a1d852,FALSE,FALSE,,
904bbc74-e45f-11e9-a52f-ab16aa7e7849,b36e34e0-e3e0-11e9-9ca2-3f35df1fda03,TRUE,FALSE,,
904bbc75-e45f-11e9-a530-8b87c459983a,b36e34e1-e3e0-11e9-9ca3-c37a5844695f,FALSE,FALSE,,
904bbc76-e45f-11e9-a531-7f5376de997a,b36e5c2c-e3e0-11e9-9ca4-77298bfa7dfc,TRUE,FALSE,,
904bbc77-e45f-11e9-a532-6be8d26c1bb8,b36e833c-e3e0-11e9-9ca5-439e24576e4e,TRUE,FALSE,,
904bbc78-e45f-11e9-a533-db28aa55bfda,b36eaa42-e3e0-11e9-9ca6-df756a3740a7,FALSE,FALSE,,
904c58aa-e45f-11e9-a534-f74a5d3acd20,b36ed152-e3e0-11e9-9ca7-4b43fed8ec8d,TRUE,FALSE,,
904c58ab-e45f-11e9-a535-4f570caba2a5,b36ef862-e3e0-11e9-9ca8-9b6c2ef4040b,FALSE,FALSE,,
904c58ac-e45f-11e9-a536-73f41a382cf7,b36f1f5e-e3e0-11e9-9ca9-ffa613bf7971,TRUE,FALSE,,
904c58ad-e45f-11e9-a537-d7be31ff6af6,b36f466e-e3e0-11e9-9caa-ef9c1f421083,TRUE,FALSE,,
904cf4d6-e45f-11e9-a538-ebc3c4216f60,b36f6d74-e3e0-11e9-9cab-77fffe969366,TRUE,FALSE,,
904cf4d7-e45f-11e9-a539-77fe70856c73,b36f9484-e3e0-11e9-9cac-b78a772384d8,FALSE,FALSE,,
904cf4d8-e45f-11e9-a53a-e7b9d3725415,b36fbb8a-e3e0-11e9-9cad-7726bbf0d7e9,TRUE,FALSE,,
904cf4d9-e45f-11e9-a53b-776513b623cf,b36fe290-e3e0-11e9-9cae-0319009272b4,FALSE,FALSE,,
904d9116-e45f-11e9-a53c-57cf92109971,b37009a0-e3e0-11e9-9caf-7363ccee7534,FALSE,FALSE,,
904d9117-e45f-11e9-a53d-4f3aa8b86cd4,b370304c-e3e0-11e9-9cb0-1fd3d4623125,FALSE,FALSE,,
904d9118-e45f-11e9-a53e-4b45551b490f,b370575c-e3e0-11e9-9cb1-db1110f66f9f,FALSE,FALSE,,
904d9119-e45f-11e9-a53f-73e53509e706,b370575d-e3e0-11e9-9cb2-3b937a3aa998,TRUE,FALSE,,
904d911a-e45f-11e9-a540-5738f9eb9749,b3707e62-e3e0-11e9-9cb3-9f02beb4b00a,TRUE,FALSE,,
904e2d4c-e45f-11e9-a541-1f676ad2627b,b370a572-e3e0-11e9-9cb4-4bb518719a9b,FALSE,FALSE,,
904e2d4d-e45f-11e9-a542-ebf7250c8d9d,b370cc78-e3e0-11e9-9cb5-8b0857048254,TRUE,FALSE,,
904e2d4e-e45f-11e9-a543-7f86a097588f,b370f3e2-e3e0-11e9-9cb6-9f1f1558e16d,FALSE,FALSE,,
904e2d4f-e45f-11e9-a544-63247a885092,b3711a8e-e3e0-11e9-9cb7-8f9a2b027c93,TRUE,FALSE,,
904e2d50-e45f-11e9-a545-2bc850c521ee,b37141f8-e3e0-11e9-9cb8-573ba9c1974b,TRUE,FALSE,,
904ec978-e45f-11e9-a546-43988fa4d4ee,b3716908-e3e0-11e9-9cb9-ef96a8d05e0f,FALSE,FALSE,,
904ec979-e45f-11e9-a547-53b59db534d8,b3718fd2-e3e0-11e9-9cba-dfe03d8327fc,TRUE,FALSE,,
904ec97a-e45f-11e9-a548-4fe36d9ba5f0,b371b714-e3e0-11e9-9cbb-7fadbe222183,TRUE,FALSE,,
904ec97b-e45f-11e9-a549-4338044a7f5c,b371b715-e3e0-11e9-9cbc-7b80f6865e33,FALSE,FALSE,,
904f65b8-e45f-11e9-a54a-b734c537ad1c,b371de1a-e3e0-11e9-9cbd-4356ba537fd0,FALSE,FALSE,,
904f65b9-e45f-11e9-a54b-afac930e67d9,b372052a-e3e0-11e9-9cbe-a35f0bb24d43,TRUE,FALSE,,
90500298-e45f-11e9-a54c-1754fb47d051,b3722c3a-e3e0-11e9-9cbf-a355414c82ea,FALSE,FALSE,,
90509ece-e45f-11e9-a54d-e3a395acfec3,b3725340-e3e0-11e9-9cc0-6bc7cd281090,FALSE,FALSE,,
90513b04-e45f-11e9-a54e-1359f4f4d57d,b37279ec-e3e0-11e9-9cc1-9779442afa23,FALSE,FALSE,,
9051d73a-e45f-11e9-a54f-af73ca351f29,b372a0f2-e3e0-11e9-9cc2-a3ea058316bf,TRUE,FALSE,,
90527366-e45f-11e9-a550-bf71f6e318ec,b372c88e-e3e0-11e9-9cc3-577b58713547,FALSE,FALSE,,
90527367-e45f-11e9-a551-2b80d7b7d9c1,b372ef9e-e3e0-11e9-9cc4-876540d24234,FALSE,FALSE,,
90527368-e45f-11e9-a552-0704f5a9f11c,b372ef9f-e3e0-11e9-9cc5-33edc784439d,TRUE,FALSE,,
90530ef2-e45f-11e9-a553-930a7f15359f,b373169a-e3e0-11e9-9cc6-c7e47a3daac3,TRUE,FALSE,,
90530ef3-e45f-11e9-a554-ff3c1ce9ae43,b3733daa-e3e0-11e9-9cc7-dbf8c9c8909b,FALSE,FALSE,,
90530ef4-e45f-11e9-a555-af74fb5fd4ac,b3736424-e3e0-11e9-9cc8-335d2b01f1cd,TRUE,FALSE,,
90530ef5-e45f-11e9-a556-f7ecdca045da,b3738b34-e3e0-11e9-9cc9-cbb77779f203,TRUE,FALSE,,
9053ab28-e45f-11e9-a557-271c667db56b,b373b23a-e3e0-11e9-9cca-d70602479dc5,TRUE,FALSE,,
9053ab29-e45f-11e9-a558-cf3d9ff62069,b373d94a-e3e0-11e9-9ccb-fb8bf94acdab,TRUE,FALSE,,
9053ab2a-e45f-11e9-a559-030f5d191f34,b3740046-e3e0-11e9-9ccc-9fe881a5bb6e,FALSE,FALSE,,
9053ab2b-e45f-11e9-a55a-ebbc3fe56104,b374276a-e3e0-11e9-9ccd-7b1513f16afa,TRUE,FALSE,,
9053ab2c-e45f-11e9-a55b-a7fed5e0d370,b3744eca-e3e0-11e9-9cce-afe873e2b242,TRUE,FALSE,,
9054475e-e45f-11e9-a55c-2fa21a7bb137,b3747576-e3e0-11e9-9ccf-dfa7dd9ab5b5,FALSE,FALSE,,
9054475f-e45f-11e9-a55d-c7b494101e39,b3749c72-e3e0-11e9-9cd0-6747160546e5,FALSE,FALSE,,
90544760-e45f-11e9-a55e-9feefb50482e,b374c378-e3e0-11e9-9cd1-1f226fdb7c9d,FALSE,FALSE,,
90544761-e45f-11e9-a55f-f76d5007b093,b374c379-e3e0-11e9-9cd2-ef55e3c58aca,FALSE,FALSE,,
90544762-e45f-11e9-a560-8b25953d7f43,b374ea88-e3e0-11e9-9cd3-83b94c83a772,FALSE,FALSE,,
9054e394-e45f-11e9-a561-c71eabe8ebd7,b3751198-e3e0-11e9-9cd4-1f96b6098fcd,TRUE,FALSE,,
9054e395-e45f-11e9-a562-379481a9ca41,b375389e-e3e0-11e9-9cd5-03f18a0951ba,TRUE,FALSE,,
9054e396-e45f-11e9-a563-27c7d848f406,b3755fa4-e3e0-11e9-9cd6-2fbaa7b7cbe8,FALSE,FALSE,,
9054e397-e45f-11e9-a564-dbcc010bcb4f,b37586b4-e3e0-11e9-9cd7-739de5496e88,TRUE,FALSE,,
90557fc0-e45f-11e9-a565-2fb8f73c321a,b375adc4-e3e0-11e9-9cd8-47de18108dc6,TRUE,FALSE,,
90557fc1-e45f-11e9-a566-cb7a4d3b4126,b375adc5-e3e0-11e9-9cd9-375ea09396e2,TRUE,FALSE,,
90557fc2-e45f-11e9-a567-eba85033e5ea,b375d4ca-e3e0-11e9-9cda-c712bef51ea6,FALSE,FALSE,,
90557fc3-e45f-11e9-a568-7b38e6b4deec,b375fbda-e3e0-11e9-9cdb-d32f5f8c9df9,FALSE,FALSE,,
90557fc4-e45f-11e9-a569-93b2ac01ed63,b37622d6-e3e0-11e9-9cdc-671f923a657e,TRUE,FALSE,,
90561c00-e45f-11e9-a56a-07bcc72761d8,b37649dc-e3e0-11e9-9cdd-6b50bb831b55,FALSE,FALSE,,
9056b7aa-e45f-11e9-a56b-4fd853b7388f,b37670ec-e3e0-11e9-9cde-efb4e4cc80bc,TRUE,FALSE,,
905753d6-e45f-11e9-a56c-f3e8ec0102b0,b37697f2-e3e0-11e9-9cdf-ebcdff9f4d2b,TRUE,FALSE,,
9057f00c-e45f-11e9-a56d-9bb25eda6817,b376bf0c-e3e0-11e9-9ce0-2b21b6370c06,FALSE,FALSE,,
90588c4c-e45f-11e9-a56e-77dcee18e217,b376e608-e3e0-11e9-9ce1-174695f9c031,FALSE,FALSE,,
90592882-e45f-11e9-a56f-3bd4760d5500,b3770d2c-e3e0-11e9-9ce2-1f3c5edded9f,FALSE,FALSE,,
9059c4ae-e45f-11e9-a570-a78cd05ad507,b3773428-e3e0-11e9-9ce3-03b952b0de48,TRUE,FALSE,,
905a613e-e45f-11e9-a571-0b4a1ede7a37,b3775bec-e3e0-11e9-9ce4-cb7a0f83bdcf,TRUE,FALSE,,
905a613f-e45f-11e9-a572-db91a87d2779,b377823e-e3e0-11e9-9ce5-df596ffec0d5,TRUE,FALSE,,
905afdba-e45f-11e9-a573-6bc8f26d1b2f,b377a944-e3e0-11e9-9ce6-6707c0a7f2be,FALSE,FALSE,,
905b9982-e45f-11e9-a574-13bb4439fe25,b377d04a-e3e0-11e9-9ce7-b3a48bff7351,FALSE,FALSE,,
905c35b8-e45f-11e9-a575-bb1f1f0b4f0c,b377f750-e3e0-11e9-9ce8-e394930fe0ba,TRUE,FALSE,,
905cd1bc-e45f-11e9-a576-27c4b76485da,b377f751-e3e0-11e9-9ce9-73ab56748cad,TRUE,FALSE,,
905d6e2e-e45f-11e9-a577-4bfa727e5747,b3781e60-e3e0-11e9-9cea-df4266272dfe,FALSE,FALSE,,
905e0a14-e45f-11e9-a578-03e4ba594817,b3784566-e3e0-11e9-9ceb-776201052a81,TRUE,FALSE,,
905ea7a8-e45f-11e9-a579-f71a0fccbe32,b3786c6c-e3e0-11e9-9cec-f3191c6ae54e,TRUE,FALSE,,
905f43de-e45f-11e9-a57a-975b9f049c5a,b378937c-e3e0-11e9-9ced-9361b6717929,TRUE,FALSE,,
905f43df-e45f-11e9-a57b-efc3a6ea6078,b378ba82-e3e0-11e9-9cee-df8a3b912713,TRUE,FALSE,,
905fdeca-e45f-11e9-a57c-eb97f6541cbd,b378e188-e3e0-11e9-9cef-9b9e43a13a23,TRUE,FALSE,,
90607b64-e45f-11e9-a57d-2ffc17efc1f4,b378e189-e3e0-11e9-9cf0-570b251316b2,FALSE,FALSE,,
9061177c-e45f-11e9-a57e-f70f0066c8ef,b3790898-e3e0-11e9-9cf1-abb63c591c33,TRUE,FALSE,,
9061b39e-e45f-11e9-a57f-ff14b6641c62,b3792f9e-e3e0-11e9-9cf2-e764e448deca,TRUE,FALSE,,
90624fa2-e45f-11e9-a580-57ab88d675bd,b37956ae-e3e0-11e9-9cf3-c3bb78288e00,FALSE,FALSE,,
9062ebd8-e45f-11e9-a581-fbabeb6b0da7,b3797db4-e3e0-11e9-9cf4-4767d45e17e8,TRUE,FALSE,,
9063880e-e45f-11e9-a582-0f6d4caa6eac,b379a4c4-e3e0-11e9-9cf5-23ff3aad8fa7,FALSE,FALSE,,
90642444-e45f-11e9-a583-2f795698dc56,b379cbd4-e3e0-11e9-9cf6-dbb2e5edd2eb,TRUE,FALSE,,
9064c070-e45f-11e9-a584-ebd556c92b1b,b379f2da-e3e0-11e9-9cf7-bf90faaf3ae3,TRUE,FALSE,,
9064c071-e45f-11e9-a585-8f456d8d5b7a,b37a19ea-e3e0-11e9-9cf8-67275e77ac62,TRUE,FALSE,,
90655ca6-e45f-11e9-a586-53435a28f52f,b37a40fa-e3e0-11e9-9cf9-dfc0fecfba00,TRUE,FALSE,,
9065f8e6-e45f-11e9-a587-57ed09edf42d,b37a6800-e3e0-11e9-9cfa-4f50c14e792e,TRUE,FALSE,,
9066951c-e45f-11e9-a588-2b08272f39af,b37a8efc-e3e0-11e9-9cfb-27e37314cef4,TRUE,FALSE,,
90673198-e45f-11e9-a589-4b4351d0e0b8,b37ab60c-e3e0-11e9-9cfc-db85ef240620,FALSE,FALSE,,
9067cd7e-e45f-11e9-a58a-535de5e5973f,b37ab60d-e3e0-11e9-9cfd-4fef5337ddd7,FALSE,FALSE,,
90686a18-e45f-11e9-a58b-5f47eab57451,b37add12-e3e0-11e9-9cfe-7386fc8512b9,FALSE,FALSE,,
906905fe-e45f-11e9-a58c-3716c369d1c3,b37b0418-e3e0-11e9-9cff-5f4655076390,TRUE,FALSE,,
9069a248-e45f-11e9-a58d-6f3f9428c89d,b37b2b28-e3e0-11e9-9d00-3394ac33abfd,FALSE,FALSE,,
906a3e6a-e45f-11e9-a58e-9332dffecfdb,b37b522e-e3e0-11e9-9d01-fb05cba164ab,FALSE,FALSE,,
906adaaa-e45f-11e9-a58f-97874549bedb,b37b793e-e3e0-11e9-9d02-9ba7b1023f24,TRUE,FALSE,,
906b76cc-e45f-11e9-a590-8ffe2246bdd4,b37ba044-e3e0-11e9-9d03-abb1edd5f237,TRUE,FALSE,,
906c1302-e45f-11e9-a591-e346118660ef,b37ba045-e3e0-11e9-9d04-4ffe949f0447,FALSE,FALSE,,
906c1303-e45f-11e9-a592-bfa9eae7ddd2,b37bc74a-e3e0-11e9-9d05-4752af124d89,FALSE,FALSE,,
906caf38-e45f-11e9-a593-3fe179d61af6,b37bee5a-e3e0-11e9-9d06-0f38dad11c3c,TRUE,FALSE,,
906d4b50-e45f-11e9-a594-4b14d11d8ca6,b37c1560-e3e0-11e9-9d07-f7d359ceb55d,TRUE,FALSE,,
906de7a4-e45f-11e9-a595-538375132231,b37c3c70-e3e0-11e9-9d08-8fd162e7a045,TRUE,FALSE,,
906e83e4-e45f-11e9-a596-4f7a5afd7d96,b37c6376-e3e0-11e9-9d09-5fafc236cfe2,TRUE,FALSE,,
906f201a-e45f-11e9-a597-b3b80bff48b6,b37c8a86-e3e0-11e9-9d0a-07e3663a4874,TRUE,FALSE,,
906fbc3c-e45f-11e9-a598-e77ea517e58e,b37c8a87-e3e0-11e9-9d0b-c3cf3c0d3153,FALSE,FALSE,,
9070587c-e45f-11e9-a599-9bdde5617d73,b37cb18c-e3e0-11e9-9d0c-576763d1c884,FALSE,FALSE,,
9070f4b2-e45f-11e9-a59a-e74795081bda,b37cd89c-e3e0-11e9-9d0d-6b4c61d6ac97,TRUE,FALSE,,
9070f4b3-e45f-11e9-a59b-978f1adf8ce1,b37cffac-e3e0-11e9-9d0e-0f502294dc74,TRUE,FALSE,,
907190e8-e45f-11e9-a59c-afb393a39a84,b37d26b2-e3e0-11e9-9d0f-4f5db69958ec,FALSE,FALSE,,
90722d28-e45f-11e9-a59d-bb407fbdbd97,b37d4dc2-e3e0-11e9-9d10-1fcc4eac5fb3,TRUE,FALSE,,
9072c954-e45f-11e9-a59e-2f8c2e5442ee,b37d74c8-e3e0-11e9-9d11-c3551a0ceed8,FALSE,FALSE,,
9073658a-e45f-11e9-a59f-ef9af2dbf9ae,b37d9bd8-e3e0-11e9-9d12-036e3e7fd1db,TRUE,FALSE,,
907401e8-e45f-11e9-a5a0-c7d189e7d50f,b37dc2de-e3e0-11e9-9d13-aba8d39c3759,FALSE,FALSE,,
90753a40-e45f-11e9-a5a1-771f66a65097,b37dc2df-e3e0-11e9-9d14-6b4dbf1480f4,FALSE,FALSE,,
9075d66c-e45f-11e9-a5a2-abb0146136f1,b37de9e4-e3e0-11e9-9d15-a72fb20cb056,FALSE,FALSE,,
907672ca-e45f-11e9-a5a3-fbb4b0cdeaca,b37e10ea-e3e0-11e9-9d16-cbdaf25795b4,TRUE,FALSE,,
90770ece-e45f-11e9-a5a4-fb6684156542,b37e37f0-e3e0-11e9-9d17-2fe97d605eb4,TRUE,FALSE,,
9077ab18-e45f-11e9-a5a5-7baa3b641912,b37e5f00-e3e0-11e9-9d18-bf4087ded9aa,FALSE,FALSE,,
9078476c-e45f-11e9-a5a6-d7c19a4579ce,b37e8606-e3e0-11e9-9d19-8bbb3d36da32,FALSE,FALSE,,
9078e37a-e45f-11e9-a5a7-3bbacd194850,b37ead16-e3e0-11e9-9d1a-6fc2714c44a4,TRUE,FALSE,,
90797fa6-e45f-11e9-a5a8-1be0b54807c3,b37ead17-e3e0-11e9-9d1b-bf2a2276c30b,TRUE,FALSE,,
907a1bd2-e45f-11e9-a5a9-dfcbebb92bd3,b37ed41c-e3e0-11e9-9d1c-47a3eb9bb3c9,TRUE,FALSE,,
907ab81c-e45f-11e9-a5aa-73331a9da19b,b37efb2c-e3e0-11e9-9d1d-d7d50b941d2f,FALSE,FALSE,,
907ab81d-e45f-11e9-a5ab-8b5dcf7d5ce4,b37f2232-e3e0-11e9-9d1e-fff4354b214f,TRUE,FALSE,,
907ab81e-e45f-11e9-a5ac-5bd65c7c03f9,b37f4938-e3e0-11e9-9d1f-2b00db1f5f67,FALSE,FALSE,,
907ab81f-e45f-11e9-a5ad-cfc216400bc3,b37f7048-e3e0-11e9-9d20-774b1123dd5a,TRUE,FALSE,,
907b545c-e45f-11e9-a5ae-f35e8aa82ba7,b37f974e-e3e0-11e9-9d21-d361a47439ee,FALSE,FALSE,,
907bf0a6-e45f-11e9-a5af-975a5c33c7bc,b37f974f-e3e0-11e9-9d22-7bab19fff028,FALSE,FALSE,,
907c8cdc-e45f-11e9-a5b0-73cad0e842f1,b37fbe5e-e3e0-11e9-9d23-eb787fceccff,TRUE,FALSE,,
907d291c-e45f-11e9-a5b1-8f88a53e0993,b37fe564-e3e0-11e9-9d24-6fc74a3ef6b6,TRUE,FALSE,,
907dc548-e45f-11e9-a5b2-c7950ee8b2f1,b3800c74-e3e0-11e9-9d25-970184a3273c,FALSE,FALSE,,
907e6174-e45f-11e9-a5b3-0bfcba1115a2,b3803384-e3e0-11e9-9d26-fb8243a74bf4,TRUE,FALSE,,
907efdbe-e45f-11e9-a5b4-77b607c0f345,b3805a8a-e3e0-11e9-9d27-ebef56556439,TRUE,FALSE,,
907f99f4-e45f-11e9-a5b5-678682962840,b3808190-e3e0-11e9-9d28-7f4778ae69b4,TRUE,FALSE,,
90803620-e45f-11e9-a5b6-f3c9a44192d4,b380a8aa-e3e0-11e9-9d29-675828b24090,TRUE,FALSE,,
90816e96-e45f-11e9-a5b7-b35e0d348067,b380a8ab-e3e0-11e9-9d2a-6fff48b4d4ec,FALSE,FALSE,,
90820ad6-e45f-11e9-a5b8-9b0e4d2e4326,b380cfa6-e3e0-11e9-9d2b-938681805e9f,TRUE,FALSE,,
9082a702-e45f-11e9-a5b9-176de4a67ea6,b380f6ac-e3e0-11e9-9d2c-736b7aefa4fd,FALSE,FALSE,,
90834324-e45f-11e9-a5ba-533d64daff73,b3811db2-e3e0-11e9-9d2d-b3f315288d6d,TRUE,FALSE,,
9083dfa0-e45f-11e9-a5bb-1bd15e8a63d2,b38144c2-e3e0-11e9-9d2e-1ba5a74d4792,TRUE,FALSE,,
90847bcc-e45f-11e9-a5bc-eb221c82ecd3,b3816bc8-e3e0-11e9-9d2f-d71b8918a9b4,FALSE,FALSE,,
908517bc-e45f-11e9-a5bd-47d337141ce8,b38192d8-e3e0-11e9-9d30-f781540519c0,FALSE,FALSE,,
908517bd-e45f-11e9-a5be-f37f1beebb16,b38192d9-e3e0-11e9-9d31-27e957a23916,FALSE,FALSE,,
9085b41a-e45f-11e9-a5bf-27207940ab2f,b381b9e8-e3e0-11e9-9d32-0b168c2c76e4,TRUE,FALSE,,
90865014-e45f-11e9-a5c0-cbc6a2c02535,b381e0ee-e3e0-11e9-9d33-574c050729fc,FALSE,FALSE,,
9086ec54-e45f-11e9-a5c1-3ffef9af0655,b38207f4-e3e0-11e9-9d34-a35759c891fd,TRUE,FALSE,,
908824c0-e45f-11e9-a5c2-7bd17a4c327f,b3822efa-e3e0-11e9-9d35-c792142d9e19,TRUE,FALSE,,
9088c0f6-e45f-11e9-a5c3-4354c97d80b5,b382560a-e3e0-11e9-9d36-7b1d9e8882ab,TRUE,FALSE,,
90895d22-e45f-11e9-a5c4-5fe107c83c3a,b3827d10-e3e0-11e9-9d37-afc2a91225bf,TRUE,FALSE,,
9089f958-e45f-11e9-a5c5-a7bea4ca2b45,b3827d11-e3e0-11e9-9d38-6f21b3c100ab,FALSE,FALSE,,
908a9598-e45f-11e9-a5c6-1ff78989c69f,b382a420-e3e0-11e9-9d39-1f92dd3b31ce,FALSE,FALSE,,
908b31ba-e45f-11e9-a5c7-375c6d719824,b382cb26-e3e0-11e9-9d3a-033c06d88164,TRUE,FALSE,,
908bcdfa-e45f-11e9-a5c8-635dc402c515,b382f22c-e3e0-11e9-9d3b-df81728bd771,TRUE,FALSE,,
908c6a26-e45f-11e9-a5c9-d7804ed41e39,b383193c-e3e0-11e9-9d3c-3fa30417fb77,TRUE,FALSE,,
908d0666-e45f-11e9-a5ca-435d77d388f1,b3834042-e3e0-11e9-9d3d-6771ee757339,FALSE,FALSE,,
908da292-e45f-11e9-a5cb-e34b26c21a06,b383675c-e3e0-11e9-9d3e-933dade07201,TRUE,FALSE,,
908e3edc-e45f-11e9-a5cc-639d03b5ca76,b383675d-e3e0-11e9-9d3f-3f6c5a0a08db,FALSE,FALSE,,
908edb12-e45f-11e9-a5cd-57c659cd5391,b3838e62-e3e0-11e9-9d40-afeec6b22b51,FALSE,FALSE,,
908edb13-e45f-11e9-a5ce-4f4c9138c823,b383b572-e3e0-11e9-9d41-1f3f4aa57ef1,FALSE,FALSE,,
9090000a-e45f-11e9-a5cf-0ba277e5fb3e,b383dc82-e3e0-11e9-9d42-0f901b37eea4,FALSE,FALSE,,
90909c36-e45f-11e9-a5d0-57cddfb8844f,b384037e-e3e0-11e9-9d43-5b85744549d8,FALSE,FALSE,,
9090ff28-e45f-11e9-a5d1-836734afa4e3,b3842a84-e3e0-11e9-9d44-f733530ceed0,FALSE,FALSE,,
90919b54-e45f-11e9-a5d2-b398ccc84e80,b3845248-e3e0-11e9-9d45-8ba137c29d86,FALSE,FALSE,,
9092376c-e45f-11e9-a5d3-df819a275f6d,b384794e-e3e0-11e9-9d46-ab03e8bb5d40,TRUE,FALSE,,
9092376d-e45f-11e9-a5d4-f34093dc01d1,b3849fb4-e3e0-11e9-9d47-439a1659bcee,FALSE,FALSE,,
9092376e-e45f-11e9-a5d5-cbb725695474,b384c6b0-e3e0-11e9-9d48-93c167fb79e5,FALSE,FALSE,,
9092d3fc-e45f-11e9-a5d6-b3293c67f69a,b384c6b1-e3e0-11e9-9d49-d7890c5031a0,TRUE,FALSE,,
90936fec-e45f-11e9-a5d7-93f5220b1d89,b384ee6a-e3e0-11e9-9d4a-0b4f92d8a438,TRUE,FALSE,,
90940c18-e45f-11e9-a5d8-53139643cc59,b385157a-e3e0-11e9-9d4b-ef6fe33c07d4,TRUE,FALSE,,
9094a83a-e45f-11e9-a5d9-6bf973aeed87,b3853c80-e3e0-11e9-9d4c-33af87e8f5e3,FALSE,FALSE,,
9095448e-e45f-11e9-a5da-efea8b1f1b0e,b3856386-e3e0-11e9-9d4d-b703eaa9d288,TRUE,FALSE,,
9095448f-e45f-11e9-a5db-cb5c64763b1b,b3858b04-e3e0-11e9-9d4e-0ffd5b8eb50e,FALSE,FALSE,,
9095e0ba-e45f-11e9-a5dc-2b481f1c6e18,b385b1a6-e3e0-11e9-9d4f-ff85768d0cc1,FALSE,FALSE,,
90967cf0-e45f-11e9-a5dd-474c9c83a0fa,b385b1a7-e3e0-11e9-9d50-b7dc25681060,FALSE,FALSE,,
9097193a-e45f-11e9-a5de-4b26088913b0,b385d8ac-e3e0-11e9-9d51-b39872147e7e,TRUE,FALSE,,
9097b688-e45f-11e9-a5df-8b9c6c4a8170,b385ffb2-e3e0-11e9-9d52-b3ace8d50a92,TRUE,FALSE,,
909852be-e45f-11e9-a5e0-e32ca09355f1,b38626c2-e3e0-11e9-9d53-738829114b93,TRUE,FALSE,,
9098eef4-e45f-11e9-a5e1-7f901bbc373e,b3864dc8-e3e0-11e9-9d54-b38ddecbe471,FALSE,FALSE,,
90998b2a-e45f-11e9-a5e2-83bc4f03ca80,b3867424-e3e0-11e9-9d55-ab4e8436d042,FALSE,FALSE,,
909a262a-e45f-11e9-a5e3-3f4da4994f22,b3869b34-e3e0-11e9-9d56-27aa3b833567,TRUE,FALSE,,
909ac3a0-e45f-11e9-a5e4-2fd446b8b5a5,b386c23a-e3e0-11e9-9d57-53f7a2b3565c,TRUE,FALSE,,
909ac3a1-e45f-11e9-a5e5-d7f869034d80,b386e99a-e3e0-11e9-9d58-5b876ec0bae4,TRUE,FALSE,,
909b5fcc-e45f-11e9-a5e6-539fd89cc56f,b3871050-e3e0-11e9-9d59-330646a675ee,FALSE,FALSE,,
909bfc02-e45f-11e9-a5e7-e31f641707ba,b387380a-e3e0-11e9-9d5a-07fc08f06fe1,FALSE,FALSE,,
909c9838-e45f-11e9-a5e8-1b5a6b14cdaf,b3875f10-e3e0-11e9-9d5b-ffe4521c6ea5,TRUE,FALSE,,
909d33a6-e45f-11e9-a5e9-cfc31d0260c7,b3875f11-e3e0-11e9-9d5c-fb49311e4132,FALSE,FALSE,,
909dd0ae-e45f-11e9-a5ea-4f87790d4cdf,b3878620-e3e0-11e9-9d5d-6f5dd02b99ae,FALSE,FALSE,,
909e6b9a-e45f-11e9-a5eb-ff6999a51a4c,b387ad26-e3e0-11e9-9d5e-9fcf99f60559,FALSE,FALSE,,
909f091a-e45f-11e9-a5ec-cba662ec12e6,b387d42c-e3e0-11e9-9d5f-232edad7bad5,FALSE,FALSE,,
909fa406-e45f-11e9-a5ed-8f3eda190e54,b387fb0a-e3e0-11e9-9d60-ff6b816210f5,FALSE,FALSE,,
90a04050-e45f-11e9-a5ee-fbd249f0b54a,b3882210-e3e0-11e9-9d61-1bd6d3db4c0a,TRUE,FALSE,,
90a0ddb2-e45f-11e9-a5ef-7382be086fdc,b38848ee-e3e0-11e9-9d62-0f778ba73fca,FALSE,FALSE,,
90a0ddb3-e45f-11e9-a5f0-2771bd6c1dcb,b38848ef-e3e0-11e9-9d63-3b857dd84913,TRUE,FALSE,,
90a178b2-e45f-11e9-a5f1-0bb63c50fce9,b3887030-e3e0-11e9-9d64-0fe52f2e88f2,TRUE,TRUE,F,0
90a2161e-e45f-11e9-a5f2-b781cd6afceb,b3889736-e3e0-11e9-9d65-7708557a3337,FALSE,TRUE,C,2
90a2b254-e45f-11e9-a5f3-0b06449e246c,b388be46-e3e0-11e9-9d66-a3329092b5a8,TRUE,TRUE,F,0
90a34e94-e45f-11e9-a5f4-fb2744563cea,b388e54c-e3e0-11e9-9d67-df57c5d8096b,TRUE,TRUE,B,3
90a3eac0-e45f-11e9-a5f5-338968484139,b3890bd0-e3e0-11e9-9d68-03e120afbe36,TRUE,TRUE,C,2
90a3eac1-e45f-11e9-a5f6-1ba471c4177c,b3893362-e3e0-11e9-9d69-97b81383afd3,TRUE,TRUE,A,4
90a4861a-e45f-11e9-a5f7-dfbd0ad9b61e,b3893363-e3e0-11e9-9d6a-97d456381d80,FALSE,TRUE,C,2
90a521f6-e45f-11e9-a5f8-732a973bef12,b38959dc-e3e0-11e9-9d6b-0baa803039b7,TRUE,TRUE,F,0
90a5bf62-e45f-11e9-a5f9-237416ec2088,b389816e-e3e0-11e9-9d6c-63e81cb6fa60,FALSE,TRUE,D,1
90a65ba2-e45f-11e9-a5fa-4f13c9e70c80,b389a888-e3e0-11e9-9d6d-03e4312f0149,TRUE,TRUE,F,0
90a6f6a2-e45f-11e9-a5fb-9fa8ef26213f,b389cf0c-e3e0-11e9-9d6e-2f64dff9e4f2,TRUE,TRUE,A,4
90a79404-e45f-11e9-a5fc-879b8ad181b9,b389f612-e3e0-11e9-9d6f-6789fee51150,FALSE,TRUE,A,4
90a8303a-e45f-11e9-a5fd-af736341934a,b38a1d22-e3e0-11e9-9d70-6b3db3bdb6e5,FALSE,TRUE,F,0
90a8cb9e-e45f-11e9-a5fe-fbadbd9d0689,b38a441e-e3e0-11e9-9d71-ab7b68122e8d,TRUE,TRUE,A,4
90a967ca-e45f-11e9-a5ff-0b1c3521e535,b38a6b38-e3e0-11e9-9d72-cf60a276d98d,FALSE,TRUE,A,4
90aa039c-e45f-11e9-a600-830498ad5eb1,b38a92f2-e3e0-11e9-9d73-3fb3006eca88,TRUE,TRUE,F,0
90aaa108-e45f-11e9-a601-2730ff625349,b38ab99e-e3e0-11e9-9d74-2b918aadcf27,TRUE,TRUE,F,0
90ab3d48-e45f-11e9-a602-738e79695548,b38ae0fe-e3e0-11e9-9d75-531db5307b14,TRUE,TRUE,F,0
90ab3d49-e45f-11e9-a603-27312a907e6f,b38b080e-e3e0-11e9-9d76-7b586fbba289,FALSE,TRUE,F,0
90abd82a-e45f-11e9-a604-a345d1f55bbb,b38b080f-e3e0-11e9-9d77-83693889bdcb,TRUE,TRUE,A,4
90abd82b-e45f-11e9-a605-37a1d712c0fe,b38b2f14-e3e0-11e9-9d78-371626b0f27b,TRUE,TRUE,D,1
90abd82c-e45f-11e9-a606-d39d08e7397d,b38b561a-e3e0-11e9-9d79-331ebd42dc56,TRUE,TRUE,C,2
90ac749c-e45f-11e9-a607-4fdbbb019ba6,b38b7d2a-e3e0-11e9-9d7a-2f27044ce4f7,TRUE,TRUE,A,4
90ad11e0-e45f-11e9-a608-23ce904c551f,b38ba430-e3e0-11e9-9d7b-ffb10bcb06c8,FALSE,TRUE,F,0
90adae16-e45f-11e9-a609-67eef52c3c97,b39f28ad-e3e0-11e9-9e0e-03acf33dce1d,FALSE,TRUE,F,0
90ae4916-e45f-11e9-a60a-7f2d66cc4f3b,b39f5052-e3e0-11e9-9e0f-d3f4549be227,TRUE,TRUE,C,2
90089d68-e45f-11e9-a417-8f0ee143faa6,b39f7762-e3e0-11e9-9e10-d3e2d3e24b90,TRUE,TRUE,C,2
90093994-e45f-11e9-a418-277eafb6accd,b39f9e72-e3e0-11e9-9e11-e7c557835a75,TRUE,TRUE,B,3
90093995-e45f-11e9-a419-f3f4e55cb6cc,b39fc578-e3e0-11e9-9e12-af84e92348a5,TRUE,TRUE,B,3
90093996-e45f-11e9-a41a-871bac9135bd,b39fec88-e3e0-11e9-9e13-237fd118289e,FALSE,TRUE,C,2
90093997-e45f-11e9-a41b-3bdfdfea6e65,b3a0138e-e3e0-11e9-9e14-5f0fd5e880dd,TRUE,TRUE,A,4
9009d5c0-e45f-11e9-a41c-db4a3b963bb1,b3a0138f-e3e0-11e9-9e15-775800391821,FALSE,TRUE,C,2
9009d5c1-e45f-11e9-a41d-a30730b0f040,b3a03a94-e3e0-11e9-9e16-dbc15a7e5f68,FALSE,TRUE,C,2
9009d5c2-e45f-11e9-a41e-0314291e829e,b3a0619a-e3e0-11e9-9e17-77fc99fa980e,TRUE,TRUE,F,0
9009d5c3-e45f-11e9-a41f-73b3f3135e9a,b3a088aa-e3e0-11e9-9e18-7f6da9534deb,TRUE,TRUE,A,4
900a71f6-e45f-11e9-a420-dfe2e6c55063,b3a0afb0-e3e0-11e9-9e19-1337fe06bc46,TRUE,TRUE,F,0
900a71f7-e45f-11e9-a421-5f7b3ca3394c,b3a0d6c0-e3e0-11e9-9e1a-171ad9ebfe93,FALSE,TRUE,D,1
900a71f8-e45f-11e9-a422-47b62716d839,b3a0fe16-e3e0-11e9-9e1b-dba5b363e09f,TRUE,TRUE,A,4
900a71f9-e45f-11e9-a423-076829a9ba04,b3a124ae-e3e0-11e9-9e1c-6fe2f0abe550,FALSE,TRUE,C,2
900a71fa-e45f-11e9-a424-5bd1e3fdbe73,b3a124af-e3e0-11e9-9e1d-73f06c5e05bb,FALSE,TRUE,C,2
900b0e2c-e45f-11e9-a425-dfe22ff498cb,b3a14bdc-e3e0-11e9-9e1e-930a95d3840f,FALSE,TRUE,B,3
900b0e2d-e45f-11e9-a426-93cd17ea29ca,b3a172ec-e3e0-11e9-9e1f-0f545b5a3004,FALSE,TRUE,D,1
900b0e2e-e45f-11e9-a427-dbe0d432b2fe,b3a199f2-e3e0-11e9-9e20-273ba6f69a36,TRUE,TRUE,F,0
900b0e2f-e45f-11e9-a428-abef5ef2ad96,b3a1c102-e3e0-11e9-9e21-37b1563cb06d,FALSE,TRUE,D,1
900baa62-e45f-11e9-a429-8fe45bee361d,b3a1e808-e3e0-11e9-9e22-f3f76864bd17,TRUE,TRUE,C,2
900baa63-e45f-11e9-a42a-bf6b8931b2fa,b3a20f0e-e3e0-11e9-9e23-0f9a4b24bac6,TRUE,TRUE,C,2
900baa64-e45f-11e9-a42b-1f2bf00aef83,b3a2361e-e3e0-11e9-9e24-afeff5819b8b,TRUE,TRUE,C,2
900baa65-e45f-11e9-a42c-7b39cc259726,b3a25cfc-e3e0-11e9-9e25-13ea7bc4bc21,TRUE,TRUE,C,2
900baa66-e45f-11e9-a42d-bff310ce1b73,b3a25cfd-e3e0-11e9-9e26-8390f8238464,FALSE,TRUE,B,3
900c4698-e45f-11e9-a42e-63c289018f00,b3a28402-e3e0-11e9-9e27-d73b288cdc42,TRUE,TRUE,A,4
900c4699-e45f-11e9-a42f-5b180e4f21cd,b3a2ab12-e3e0-11e9-9e28-cbc707908622,FALSE,TRUE,C,2
900c469a-e45f-11e9-a430-af3f3d74847f,b3a2d218-e3e0-11e9-9e29-47d834848d88,TRUE,TRUE,B,3
900c469b-e45f-11e9-a431-dfdd378b3a14,b3a2f96e-e3e0-11e9-9e2a-5720fa8e9cc5,TRUE,TRUE,C,2
900c469c-e45f-11e9-a432-4319765e611c,b3a3202e-e3e0-11e9-9e2b-2bbd007f4a33,TRUE,TRUE,A,4
900ce2ce-e45f-11e9-a433-1b73319a3e91,b3a3202f-e3e0-11e9-9e2c-470377edbe0a,FALSE,TRUE,C,2
900ce2cf-e45f-11e9-a434-47b9f305fb9f,b3a34734-e3e0-11e9-9e2d-dba5fcc4eb99,TRUE,TRUE,C,2
900d7fa4-e45f-11e9-a435-cf9940fa1f7b,b3a36e44-e3e0-11e9-9e2e-e7910a2eb632,TRUE,TRUE,A,4
900e1bda-e45f-11e9-a436-f70ffa87b13d,b3a3957c-e3e0-11e9-9e2f-83679df5315e,FALSE,TRUE,F,0
900eb810-e45f-11e9-a437-5baff4957cae,b3a3bc82-e3e0-11e9-9e30-87f0d3e32ed7,TRUE,TRUE,A,4
900f5446-e45f-11e9-a438-f357e75565ff,b3a3e392-e3e0-11e9-9e31-53663020e385,TRUE,TRUE,D,1
900ff07c-e45f-11e9-a439-4b40f349702f,b3a409ee-e3e0-11e9-9e32-8bcf6107af83,FALSE,TRUE,F,0
900ff07d-e45f-11e9-a43a-dff482d6dc64,b3a409ef-e3e0-11e9-9e33-e3d8860239e0,FALSE,TRUE,A,4
900ff07e-e45f-11e9-a43b-f387703f702d,b3a4319e-e3e0-11e9-9e34-8b13093f5312,TRUE,TRUE,C,2
900ff07f-e45f-11e9-a43c-535b24003f86,b3a458a4-e3e0-11e9-9e35-df70a5ac950a,FALSE,TRUE,B,3
90108b5e-e45f-11e9-a43d-7b075d9c650e,b3a47fb4-e3e0-11e9-9e36-e33a56418ef4,TRUE,TRUE,A,4
901128e8-e45f-11e9-a43e-2fe4f3c50c4f,b3a4a6ba-e3e0-11e9-9e37-e32078e786bb,TRUE,TRUE,F,0
9011c51e-e45f-11e9-a43f-0365c6b3c77f,b3a4cdd4-e3e0-11e9-9e38-5ff72f0a681d,TRUE,TRUE,C,2
90126154-e45f-11e9-a440-f7c8b02e5281,b3a4f4da-e3e0-11e9-9e39-53d57f2a0cfe,TRUE,TRUE,D,1
9012fc7c-e45f-11e9-a441-f7fa623638e7,b3a51be0-e3e0-11e9-9e3a-83d3c52fdd5e,TRUE,TRUE,A,4
9012fc7d-e45f-11e9-a442-eb31b7831526,b3a54278-e3e0-11e9-9e3b-3f1fd84f67bf,TRUE,TRUE,F,0
9012fc7e-e45f-11e9-a443-577c2abfb738,b3a5694c-e3e0-11e9-9e3c-8f2200d24d6c,TRUE,TRUE,D,1
901398ee-e45f-11e9-a444-33662de2ded1,b3a59106-e3e0-11e9-9e3d-e3331500e5aa,FALSE,TRUE,C,2
901435f6-e45f-11e9-a445-2bedc1974f5c,b3a5b80c-e3e0-11e9-9e3e-23d58b435a9a,TRUE,TRUE,A,4
9014d22c-e45f-11e9-a446-7f4cce0628c2,b3a5df12-e3e0-11e9-9e3f-37b8667b7ed3,FALSE,TRUE,A,4
90156e62-e45f-11e9-a447-ff67de6fe3a7,b3a5df13-e3e0-11e9-9e40-37eb87b84bf1,TRUE,TRUE,F,0
90160a8e-e45f-11e9-a448-5f6751c251bf,b3a60622-e3e0-11e9-9e41-9f862673a1ba,FALSE,TRUE,D,1
90160a8f-e45f-11e9-a449-53a5d5044be3,b3a62d28-e3e0-11e9-9e42-3f71e52891ec,TRUE,TRUE,F,0
90160a90-e45f-11e9-a44a-bf778591ae9c,b3a65410-e3e0-11e9-9e43-7323a67f3d10,FALSE,TRUE,B,3
9016a62e-e45f-11e9-a44b-972f51c13ac9,b3a67b20-e3e0-11e9-9e44-e31fb34171a6,TRUE,TRUE,A,4
9016a62f-e45f-11e9-a44c-9b6801254b01,b3a6a230-e3e0-11e9-9e45-7bba3fb0d5da,TRUE,TRUE,D,1
9016a630-e45f-11e9-a44d-77073064e776,b3a6c936-e3e0-11e9-9e46-3b76b55c1964,FALSE,TRUE,B,3
9016a631-e45f-11e9-a44e-1f426173404b,b3a6efb0-e3e0-11e9-9e47-2f6518167463,TRUE,TRUE,D,1
901741a6-e45f-11e9-a44f-13ab96182f0a,b3a716b6-e3e0-11e9-9e48-23467ba4cc92,TRUE,TRUE,A,4
901741a7-e45f-11e9-a450-23c052c77f63,b3a716b7-e3e0-11e9-9e49-7f20ca914370,TRUE,TRUE,D,1
901741a8-e45f-11e9-a451-4f149f715632,b3a73dbc-e3e0-11e9-9e4a-27807822b012,TRUE,TRUE,C,2
901741a9-e45f-11e9-a452-e7941ec0c90c,b3a764c2-e3e0-11e9-9e4b-3fbbffadffa8,FALSE,TRUE,A,4
9017de9a-e45f-11e9-a453-a37fa67847d0,b3a78bd2-e3e0-11e9-9e4c-732cdc6c2c66,TRUE,TRUE,C,2
9017de9b-e45f-11e9-a454-db5780a99ff9,b3a7b38c-e3e0-11e9-9e4d-2b0b33e8c295,FALSE,TRUE,D,1
9017de9c-e45f-11e9-a455-d75821ab24d8,b3a7d9e8-e3e0-11e9-9e4e-f345bac6a3a6,FALSE,TRUE,C,2
9017de9d-e45f-11e9-a456-7b34a21a7c53,b3a801ac-e3e0-11e9-9e4f-fb6bccd70270,FALSE,TRUE,B,3
9017de9e-e45f-11e9-a457-eb01cb77d678,b3a828b2-e3e0-11e9-9e50-873ffdde7d4e,FALSE,TRUE,C,2
90187ad0-e45f-11e9-a458-174099550123,b3a84f04-e3e0-11e9-9e51-f3e97b9423ba,TRUE,TRUE,A,4
90187ad1-e45f-11e9-a459-5f7a571d03f1,b3a87628-e3e0-11e9-9e52-170dbeeab304,TRUE,TRUE,D,1
90187ad2-e45f-11e9-a45a-b32f7802a69b,b3a89d1a-e3e0-11e9-9e53-3f9b4eb0e687,FALSE,TRUE,C,2
90187ad3-e45f-11e9-a45b-ebd3a890bb79,b3a8c42a-e3e0-11e9-9e54-5b2a5d36c953,TRUE,TRUE,D,1
90187ad4-e45f-11e9-a45c-8343a8955587,b3a8c42b-e3e0-11e9-9e55-d76dd89ed2af,TRUE,TRUE,F,0
90191706-e45f-11e9-a45d-0b58d34bf692,b3a8ebb2-e3e0-11e9-9e56-7b4cba69976f,FALSE,TRUE,A,4
90191707-e45f-11e9-a45e-dbd7bc705afc,b3a912c2-e3e0-11e9-9e57-13fc2f3ea85a,FALSE,TRUE,A,4
90191708-e45f-11e9-a45f-5b07862472a8,b3a9393c-e3e0-11e9-9e58-33299087076b,FALSE,TRUE,A,4
90191709-e45f-11e9-a460-37ed059bc40e,b3a9604c-e3e0-11e9-9e59-8ffbbf815b19,TRUE,TRUE,F,0
9019b33c-e45f-11e9-a461-737e84ba3310,b3a98752-e3e0-11e9-9e5a-cfc0aac279a8,TRUE,TRUE,A,4
9019b33d-e45f-11e9-a462-4f6b6d325d8c,b3a9aeee-e3e0-11e9-9e5b-c3ff03c4a489,TRUE,TRUE,A,4
9019b33e-e45f-11e9-a463-27f37eb66f33,b3a9d572-e3e0-11e9-9e5c-d745702fe12a,TRUE,TRUE,A,4
9019b33f-e45f-11e9-a464-1bec1306eb7e,b3a9d573-e3e0-11e9-9e5d-570bb34c8ac7,FALSE,TRUE,C,2
9019b340-e45f-11e9-a465-0fa23e6007a8,b3aa2392-e3e0-11e9-9e5e-a32f863b0220,FALSE,TRUE,C,2
901a4f72-e45f-11e9-a466-af22f6f85532,b3aa2393-e3e0-11e9-9e5f-df1f2c02dbf2,TRUE,TRUE,C,2
901a4f73-e45f-11e9-a467-f7826751f0d8,b3aa4b10-e3e0-11e9-9e60-2b8c8e03320e,FALSE,TRUE,F,0
901a4f74-e45f-11e9-a468-3f8dc9978b14,b3aa7216-e3e0-11e9-9e61-3371b7fe1d59,TRUE,TRUE,F,0
901a4f75-e45f-11e9-a469-97beb20a03d7,b3aa9926-e3e0-11e9-9e62-5fa9923a6614,FALSE,TRUE,B,3
901aeb9e-e45f-11e9-a46a-73f3ffd49172,b3aac02c-e3e0-11e9-9e63-3b21987cb232,FALSE,TRUE,C,2
901aeb9f-e45f-11e9-a46b-eb13ba8f7fff,b3aae73c-e3e0-11e9-9e64-37f6d89a108e,FALSE,TRUE,F,0
901aeba0-e45f-11e9-a46c-2f7eca79c96a,b3ab0dca-e3e0-11e9-9e65-7bbb864da85c,TRUE,TRUE,D,1
901aeba1-e45f-11e9-a46d-234ade143378,b3ab0dcb-e3e0-11e9-9e66-3b5497844af9,FALSE,TRUE,B,3
901aeba2-e45f-11e9-a46e-2b45e2abfff5,b3ab3548-e3e0-11e9-9e67-57d8621b46b5,TRUE,TRUE,A,4
901b87d4-e45f-11e9-a46f-db6076d9afd6,b3ab5c58-e3e0-11e9-9e68-73b453d6dd5f,FALSE,TRUE,C,2
901b87d5-e45f-11e9-a470-07c11ec326bc,b3ab835e-e3e0-11e9-9e69-7739428fdba3,FALSE,TRUE,D,1
901b87d6-e45f-11e9-a471-e73194369177,b3abaabe-e3e0-11e9-9e6a-3b7a943cd356,TRUE,TRUE,B,3
901b87d7-e45f-11e9-a472-23829ee79a89,b3abd174-e3e0-11e9-9e6b-8f0640421c2d,FALSE,TRUE,C,2
901b87d8-e45f-11e9-a473-d34d440ff2e0,b3abd175-e3e0-11e9-9e6c-07106e0e053a,TRUE,TRUE,F,0
901c2414-e45f-11e9-a474-0b27f88e4266,b3abf87a-e3e0-11e9-9e6d-e3c0901a4381,FALSE,TRUE,F,0
901c2415-e45f-11e9-a475-4b73b51f402a,b3ac1f8a-e3e0-11e9-9e6e-bb2cef3c4d76,FALSE,TRUE,B,3
901c2416-e45f-11e9-a476-37fe2468de3a,b3ac469a-e3e0-11e9-9e6f-2f79ba2c0012,FALSE,TRUE,C,2
901c2417-e45f-11e9-a477-ff5a2329f2b7,b3ac6d96-e3e0-11e9-9e70-57bdc47c26d2,FALSE,TRUE,F,0
901cc040-e45f-11e9-a478-6b8379b11ea6,b3ac94a6-e3e0-11e9-9e71-a72c26de27b7,FALSE,TRUE,C,2
901cc041-e45f-11e9-a479-9bf5804a2851,b39f28ad-e3e0-11e9-9e0e-03acf33dce1d,FALSE,TRUE,F,0
901cc042-e45f-11e9-a47a-d7af31928528,b39f5052-e3e0-11e9-9e0f-d3f4549be227,FALSE,TRUE,A,4
901cc043-e45f-11e9-a47b-ef7034b647e8,b39f7762-e3e0-11e9-9e10-d3e2d3e24b90,FALSE,TRUE,D,1
901cc044-e45f-11e9-a47c-eb31f37d621b,b39f9e72-e3e0-11e9-9e11-e7c557835a75,TRUE,TRUE,A,4
901d5c80-e45f-11e9-a47d-833a0435ead5,b39fc578-e3e0-11e9-9e12-af84e92348a5,FALSE,TRUE,D,1
901d5c81-e45f-11e9-a47e-8be56fa2f544,b39fec88-e3e0-11e9-9e13-237fd118289e,TRUE,TRUE,C,2
901d5c82-e45f-11e9-a47f-c3a047223d52,b3a0138e-e3e0-11e9-9e14-5f0fd5e880dd,TRUE,TRUE,B,3
901d5c83-e45f-11e9-a480-636707404308,b3a0138f-e3e0-11e9-9e15-775800391821,TRUE,TRUE,A,4
901d5c84-e45f-11e9-a481-e7b757df4b00,b3a03a94-e3e0-11e9-9e16-dbc15a7e5f68,TRUE,TRUE,C,2
901df8ac-e45f-11e9-a482-fbfa5b82ec81,b3a0619a-e3e0-11e9-9e17-77fc99fa980e,FALSE,TRUE,C,2
901df8ad-e45f-11e9-a483-8f17a6e02e83,b3a088aa-e3e0-11e9-9e18-7f6da9534deb,FALSE,TRUE,D,1
901df8ae-e45f-11e9-a484-e37351c15cbf,b3a0afb0-e3e0-11e9-9e19-1337fe06bc46,FALSE,TRUE,F,0
901df8af-e45f-11e9-a485-338264712dff,b3a0d6c0-e3e0-11e9-9e1a-171ad9ebfe93,FALSE,TRUE,B,3
901e94ec-e45f-11e9-a486-0be791147c26,b3a0fe16-e3e0-11e9-9e1b-dba5b363e09f,FALSE,TRUE,B,3
901e94ed-e45f-11e9-a487-0b2adf3c7f80,b3a124ae-e3e0-11e9-9e1c-6fe2f0abe550,FALSE,TRUE,A,4
901e94ee-e45f-11e9-a488-330cd368c1d9,b3a124af-e3e0-11e9-9e1d-73f06c5e05bb,TRUE,TRUE,C,2
901e94ef-e45f-11e9-a489-934b2ff89d85,b3a14bdc-e3e0-11e9-9e1e-930a95d3840f,TRUE,TRUE,A,4
901e94f0-e45f-11e9-a48a-676788ce920e,b3a172ec-e3e0-11e9-9e1f-0f545b5a3004,TRUE,TRUE,B,3
901f3118-e45f-11e9-a48b-070a4550503e,b3a199f2-e3e0-11e9-9e20-273ba6f69a36,TRUE,TRUE,B,3
901f3119-e45f-11e9-a48c-d70cc3b75e26,b3a1c102-e3e0-11e9-9e21-37b1563cb06d,TRUE,TRUE,C,2
901f311a-e45f-11e9-a48d-876b1023f362,b3a1e808-e3e0-11e9-9e22-f3f76864bd17,TRUE,TRUE,D,1
901f311b-e45f-11e9-a48e-23c3acd5df11,b3a20f0e-e3e0-11e9-9e23-0f9a4b24bac6,FALSE,TRUE,D,1
901f311c-e45f-11e9-a48f-670e3961ad91,b3a2361e-e3e0-11e9-9e24-afeff5819b8b,FALSE,TRUE,A,4
901fcd4e-e45f-11e9-a490-d7e0ea16277f,b3a25cfc-e3e0-11e9-9e25-13ea7bc4bc21,TRUE,TRUE,F,0
901fcd4f-e45f-11e9-a491-33cb2dedf71c,b3a25cfd-e3e0-11e9-9e26-8390f8238464,FALSE,TRUE,B,3
901fcd50-e45f-11e9-a492-b311cdb2413f,b3a28402-e3e0-11e9-9e27-d73b288cdc42,FALSE,TRUE,A,4
901fcd51-e45f-11e9-a493-0f63b18aeede,b3a2ab12-e3e0-11e9-9e28-cbc707908622,TRUE,TRUE,A,4
9020698e-e45f-11e9-a494-3f320cc46d60,b3a2d218-e3e0-11e9-9e29-47d834848d88,TRUE,TRUE,D,1
9020698f-e45f-11e9-a495-7be136696039,b3a2f96e-e3e0-11e9-9e2a-5720fa8e9cc5,TRUE,TRUE,D,1
90206990-e45f-11e9-a496-330cb01963f9,b3a3202e-e3e0-11e9-9e2b-2bbd007f4a33,TRUE,TRUE,C,2
90206991-e45f-11e9-a497-7749b2adca71,b3a3202f-e3e0-11e9-9e2c-470377edbe0a,FALSE,TRUE,D,1
90206992-e45f-11e9-a498-930dc4000109,b3a34734-e3e0-11e9-9e2d-dba5fcc4eb99,FALSE,TRUE,C,2
902105ba-e45f-11e9-a499-ebd2f59e3ad0,b3a36e44-e3e0-11e9-9e2e-e7910a2eb632,TRUE,TRUE,F,0
902105bb-e45f-11e9-a49a-efac55091eef,b3a3957c-e3e0-11e9-9e2f-83679df5315e,TRUE,TRUE,A,4
9021a1a0-e45f-11e9-a49b-fb7599a1051d,b3a3bc82-e3e0-11e9-9e30-87f0d3e32ed7,FALSE,TRUE,C,2
90223dc2-e45f-11e9-a49c-fb45c670828d,b3a3e392-e3e0-11e9-9e31-53663020e385,TRUE,TRUE,A,4
9022db10-e45f-11e9-a49d-b74bc3674bce,b3a409ee-e3e0-11e9-9e32-8bcf6107af83,TRUE,TRUE,A,4
9023773c-e45f-11e9-a49e-87c4e88f750d,b3a409ef-e3e0-11e9-9e33-e3d8860239e0,TRUE,TRUE,C,2
9024afa8-e45f-11e9-a49f-cba8d7deef4a,b3a4319e-e3e0-11e9-9e34-8b13093f5312,FALSE,TRUE,C,2
90254bde-e45f-11e9-a4a0-8b3aaf52d890,b3a458a4-e3e0-11e9-9e35-df70a5ac950a,TRUE,TRUE,C,2
9025e814-e45f-11e9-a4a1-57b53b565178,b3a47fb4-e3e0-11e9-9e36-e33a56418ef4,FALSE,TRUE,B,3
90272080-e45f-11e9-a4a2-1f99cd38e963,b3a4a6ba-e3e0-11e9-9e37-e32078e786bb,TRUE,TRUE,B,3
9027bcb6-e45f-11e9-a4a3-ef642b5c68f7,b3a4cdd4-e3e0-11e9-9e38-5ff72f0a681d,FALSE,TRUE,B,3
9027bcb7-e45f-11e9-a4a4-9ff987f5016d,b3a4f4da-e3e0-11e9-9e39-53d57f2a0cfe,TRUE,TRUE,D,1
9027bcb8-e45f-11e9-a4a5-7f27fe49c528,b3a51be0-e3e0-11e9-9e3a-83d3c52fdd5e,FALSE,TRUE,F,0
9028581a-e45f-11e9-a4a6-bbbac1b5db81,b3a54278-e3e0-11e9-9e3b-3f1fd84f67bf,TRUE,TRUE,B,3
9028f3d8-e45f-11e9-a4a7-6f79b0fcb281,b3a5694c-e3e0-11e9-9e3c-8f2200d24d6c,FALSE,TRUE,A,4
90299158-e45f-11e9-a4a8-7ff0ab9d6b15,b3a59106-e3e0-11e9-9e3d-e3331500e5aa,FALSE,TRUE,C,2
902a2c4e-e45f-11e9-a4a9-8bc9224be6cb,b3a5b80c-e3e0-11e9-9e3e-23d58b435a9a,TRUE,TRUE,C,2
902ac9c4-e45f-11e9-a4aa-27a1b298c926,b3a5df12-e3e0-11e9-9e3f-37b8667b7ed3,TRUE,TRUE,C,2
902b64ba-e45f-11e9-a4ab-5fd6e05e1931,b3a5df13-e3e0-11e9-9e40-37eb87b84bf1,FALSE,TRUE,C,2
902c9d30-e45f-11e9-a4ac-abb3106162e7,b3a60622-e3e0-11e9-9e41-9f862673a1ba,FALSE,TRUE,D,1
902d3a9c-e45f-11e9-a4ad-d36ebfdcb61a,b3a62d28-e3e0-11e9-9e42-3f71e52891ec,TRUE,TRUE,C,2
902dd5a6-e45f-11e9-a4ae-d3bf86d0db82,b3a65410-e3e0-11e9-9e43-7323a67f3d10,FALSE,TRUE,A,4
902e7308-e45f-11e9-a4af-9fba7c136f33,b3a67b20-e3e0-11e9-9e44-e31fb34171a6,FALSE,TRUE,C,2
902f0f3e-e45f-11e9-a4b0-4b34a2bbc5ea,b3a6a230-e3e0-11e9-9e45-7bba3fb0d5da,TRUE,TRUE,F,0
902faa34-e45f-11e9-a4b1-9ff9c72b7dd9,b3a6c936-e3e0-11e9-9e46-3b76b55c1964,TRUE,TRUE,A,4
902faa35-e45f-11e9-a4b2-d7c240831a09,b3a6efb0-e3e0-11e9-9e47-2f6518167463,TRUE,TRUE,A,4
902faa36-e45f-11e9-a4b3-7f9731ae9e0f,b3a716b6-e3e0-11e9-9e48-23467ba4cc92,TRUE,TRUE,C,2
902faa37-e45f-11e9-a4b4-dbfa944e10a9,b3a716b7-e3e0-11e9-9e49-7f20ca914370,FALSE,TRUE,A,4
903046d8-e45f-11e9-a4b5-d345cf64fcbe,b3a73dbc-e3e0-11e9-9e4a-27807822b012,FALSE,TRUE,C,2
9030e304-e45f-11e9-a4b6-e33e5bc46799,b3a764c2-e3e0-11e9-9e4b-3fbbffadffa8,TRUE,TRUE,F,0
90317f1c-e45f-11e9-a4b7-1fa5110eb314,b3a78bd2-e3e0-11e9-9e4c-732cdc6c2c66,FALSE,TRUE,F,0
90321c4c-e45f-11e9-a4b8-67e9865a757a,b3a7b38c-e3e0-11e9-9e4d-2b0b33e8c295,FALSE,TRUE,B,3
9032b878-e45f-11e9-a4b9-a31af39d4043,b3a7d9e8-e3e0-11e9-9e4e-f345bac6a3a6,TRUE,TRUE,A,4
9033540e-e45f-11e9-a4ba-4f4a1027558b,b3a801ac-e3e0-11e9-9e4f-fb6bccd70270,TRUE,TRUE,B,3
9033540f-e45f-11e9-a4bb-03b826b7425e,b3a828b2-e3e0-11e9-9e50-873ffdde7d4e,TRUE,TRUE,D,1
90335410-e45f-11e9-a4bc-9fe5c04f6eeb,b3a84f04-e3e0-11e9-9e51-f3e97b9423ba,TRUE,TRUE,A,4
90335411-e45f-11e9-a4bd-0ff0566b56fd,b3a87628-e3e0-11e9-9e52-170dbeeab304,FALSE,TRUE,C,2
90335412-e45f-11e9-a4be-8fc529204832,b3a89d1a-e3e0-11e9-9e53-3f9b4eb0e687,TRUE,TRUE,D,1
9033f044-e45f-11e9-a4bf-973e9ac7a877,b3a8c42a-e3e0-11e9-9e54-5b2a5d36c953,FALSE,TRUE,F,0
9033f045-e45f-11e9-a4c0-3baf08355101,b3a8c42b-e3e0-11e9-9e55-d76dd89ed2af,TRUE,TRUE,D,1
9033f046-e45f-11e9-a4c1-cb159268dbac,b3a8ebb2-e3e0-11e9-9e56-7b4cba69976f,FALSE,TRUE,D,1
9033f047-e45f-11e9-a4c2-cb3875533a96,b3a912c2-e3e0-11e9-9e57-13fc2f3ea85a,TRUE,TRUE,D,1
90348c70-e45f-11e9-a4c3-9f622e3a13e0,b3a9393c-e3e0-11e9-9e58-33299087076b,TRUE,TRUE,C,2
90348c71-e45f-11e9-a4c4-c75b04772079,b3a9604c-e3e0-11e9-9e59-8ffbbf815b19,TRUE,TRUE,F,0
90348c72-e45f-11e9-a4c5-93f19c347c14,b3a98752-e3e0-11e9-9e5a-cfc0aac279a8,FALSE,TRUE,B,3
90348c73-e45f-11e9-a4c6-23b2a8a54a74,b3a9aeee-e3e0-11e9-9e5b-c3ff03c4a489,TRUE,TRUE,A,4
90348c74-e45f-11e9-a4c7-1f337f8dce8f,b3a9d572-e3e0-11e9-9e5c-d745702fe12a,TRUE,TRUE,D,1
903528a6-e45f-11e9-a4c8-fbc6843beaac,b3a9d573-e3e0-11e9-9e5d-570bb34c8ac7,TRUE,TRUE,B,3
9035c586-e45f-11e9-a4c9-135e1e8bd4ad,b3aa2392-e3e0-11e9-9e5e-a32f863b0220,FALSE,TRUE,A,4
903661c6-e45f-11e9-a4ca-ab86584cafae,b3aa2393-e3e0-11e9-9e5f-df1f2c02dbf2,FALSE,TRUE,D,1
9036fdf2-e45f-11e9-a4cb-23358c33cb9e,b3aa4b10-e3e0-11e9-9e60-2b8c8e03320e,FALSE,TRUE,F,0
90379a28-e45f-11e9-a4cc-db3ee3013f61,b3aa7216-e3e0-11e9-9e61-3371b7fe1d59,FALSE,TRUE,A,4
90379a29-e45f-11e9-a4cd-f79ea508db58,b3aa9926-e3e0-11e9-9e62-5fa9923a6614,TRUE,TRUE,C,2
90383668-e45f-11e9-a4ce-6b7ff108168f,b3aac02c-e3e0-11e9-9e63-3b21987cb232,FALSE,TRUE,A,4
9038d29e-e45f-11e9-a4cf-030e9c0ca664,b3aae73c-e3e0-11e9-9e64-37f6d89a108e,TRUE,TRUE,D,1
90396ed4-e45f-11e9-a4d0-9740555cd66c,b3ab0dca-e3e0-11e9-9e65-7bbb864da85c,FALSE,TRUE,B,3
90396ed5-e45f-11e9-a4d1-e3fd32b6858a,b3ab0dcb-e3e0-11e9-9e66-3b5497844af9,FALSE,TRUE,B,3
90396ed6-e45f-11e9-a4d2-436761b53aed,b3ab3548-e3e0-11e9-9e67-57d8621b46b5,FALSE,TRUE,A,4
90396ed7-e45f-11e9-a4d3-67a366bc5c8c,b3ab5c58-e3e0-11e9-9e68-73b453d6dd5f,TRUE,TRUE,B,3
903a0a56-e45f-11e9-a4d4-a7cc2e7f0d8d,b3ab835e-e3e0-11e9-9e69-7739428fdba3,TRUE,TRUE,C,2
903a0a57-e45f-11e9-a4d5-8b2c410f7370,b3abaabe-e3e0-11e9-9e6a-3b7a943cd356,FALSE,TRUE,B,3
903a0a58-e45f-11e9-a4d6-97f2c66fba91,b3abd174-e3e0-11e9-9e6b-8f0640421c2d,FALSE,TRUE,A,4
903a0a59-e45f-11e9-a4d7-8fabd5d6d0d6,b3abd175-e3e0-11e9-9e6c-07106e0e053a,FALSE,TRUE,B,3
903a0a5a-e45f-11e9-a4d8-8724cbc471f4,b3abf87a-e3e0-11e9-9e6d-e3c0901a4381,TRUE,TRUE,A,4
903aa68c-e45f-11e9-a4d9-f3623d0e221f,b3ac1f8a-e3e0-11e9-9e6e-bb2cef3c4d76,TRUE,TRUE,F,0
903aa68d-e45f-11e9-a4da-37e167b00443,b3ac469a-e3e0-11e9-9e6f-2f79ba2c0012,TRUE,TRUE,A,4
903aa68e-e45f-11e9-a4db-dfcd76520c2d,b3ac6d96-e3e0-11e9-9e70-57bdc47c26d2,TRUE,TRUE,B,3
903b42a4-e45f-11e9-a4dc-1303cdfa4b47,b3ac94a6-e3e0-11e9-9e71-a72c26de27b7,FALSE,TRUE,C,2
903b42a5-e45f-11e9-a4dd-db5fd72c8032,b39f28ad-e3e0-11e9-9e0e-03acf33dce1d,TRUE,TRUE,F,0
903b42a6-e45f-11e9-a4de-2f757218f1bf,b39f5052-e3e0-11e9-9e0f-d3f4549be227,FALSE,TRUE,F,0
903b42a7-e45f-11e9-a4df-9728b4dbc6f3,b39f7762-e3e0-11e9-9e10-d3e2d3e24b90,FALSE,TRUE,D,1
903b42a8-e45f-11e9-a4e0-3f64f814a28c,b39f9e72-e3e0-11e9-9e11-e7c557835a75,TRUE,TRUE,B,3
903bdef8-e45f-11e9-a4e1-673de5aa435f,b39fc578-e3e0-11e9-9e12-af84e92348a5,FALSE,TRUE,D,1
903bdef9-e45f-11e9-a4e2-cb7887e52bec,b39fec88-e3e0-11e9-9e13-237fd118289e,TRUE,TRUE,D,1
903bdefa-e45f-11e9-a4e3-1b1785c89a7e,b3a0138e-e3e0-11e9-9e14-5f0fd5e880dd,FALSE,TRUE,A,4
903bdefb-e45f-11e9-a4e4-83ec1003fd68,b3a0138f-e3e0-11e9-9e15-775800391821,FALSE,TRUE,D,1
903bdefc-e45f-11e9-a4e5-8fb19615cf37,b3a03a94-e3e0-11e9-9e16-dbc15a7e5f68,TRUE,TRUE,A,4
903c7b2e-e45f-11e9-a4e6-678810c7b92c,b3a0619a-e3e0-11e9-9e17-77fc99fa980e,FALSE,TRUE,B,3
903c7b2f-e45f-11e9-a4e7-97f847199c8a,b3a088aa-e3e0-11e9-9e18-7f6da9534deb,FALSE,TRUE,B,3
903c7b30-e45f-11e9-a4e8-3f3f4240093c,b3a0afb0-e3e0-11e9-9e19-1337fe06bc46,TRUE,TRUE,C,2
903c7b31-e45f-11e9-a4e9-b3bc1889a89b,b3a0d6c0-e3e0-11e9-9e1a-171ad9ebfe93,TRUE,TRUE,F,0
903d16ba-e45f-11e9-a4ea-e32d22e1779d,b3a0fe16-e3e0-11e9-9e1b-dba5b363e09f,TRUE,TRUE,A,4
903d16bb-e45f-11e9-a4eb-c3528dd68591,b3a124ae-e3e0-11e9-9e1c-6fe2f0abe550,FALSE,TRUE,D,1
903d16bc-e45f-11e9-a4ec-43a61f7c7b14,b3a124af-e3e0-11e9-9e1d-73f06c5e05bb,TRUE,TRUE,F,0
903d16bd-e45f-11e9-a4ed-1be766b385a8,b3a14bdc-e3e0-11e9-9e1e-930a95d3840f,FALSE,TRUE,A,4
903d16be-e45f-11e9-a4ee-3718ed9eff0f,b3a172ec-e3e0-11e9-9e1f-0f545b5a3004,TRUE,TRUE,C,2
903db3a4-e45f-11e9-a4ef-4bc9ac17aa56,b3a199f2-e3e0-11e9-9e20-273ba6f69a36,TRUE,TRUE,C,2
903db3a5-e45f-11e9-a4f0-13df3cb450af,b3a1c102-e3e0-11e9-9e21-37b1563cb06d,FALSE,TRUE,F,0
903db3a6-e45f-11e9-a4f1-1ba706992643,b3a1e808-e3e0-11e9-9e22-f3f76864bd17,FALSE,TRUE,A,4
903db3a7-e45f-11e9-a4f2-9b6275344b9c,b3a20f0e-e3e0-11e9-9e23-0f9a4b24bac6,TRUE,TRUE,F,0
903db3a8-e45f-11e9-a4f3-5b1768a5a4e6,b3a2361e-e3e0-11e9-9e24-afeff5819b8b,TRUE,TRUE,D,1
903e4fd0-e45f-11e9-a4f4-9b62eb09ef9b,b3a25cfc-e3e0-11e9-9e25-13ea7bc4bc21,TRUE,TRUE,B,3
903e4fd1-e45f-11e9-a4f5-9fad69aab68f,b3a25cfd-e3e0-11e9-9e26-8390f8238464,TRUE,TRUE,A,4
903e4fd2-e45f-11e9-a4f6-7b9be419d0a9,b3a28402-e3e0-11e9-9e27-d73b288cdc42,TRUE,TRUE,B,3
903e4fd3-e45f-11e9-a4f7-032657f4dd23,b3a2ab12-e3e0-11e9-9e28-cbc707908622,TRUE,TRUE,C,2
903eeb52-e45f-11e9-a4f8-d7c3ac933ea4,b3a2d218-e3e0-11e9-9e29-47d834848d88,FALSE,TRUE,D,1
903eeb53-e45f-11e9-a4f9-8fbf7229063f,b3a2f96e-e3e0-11e9-9e2a-5720fa8e9cc5,FALSE,TRUE,C,2
903f8904-e45f-11e9-a4fa-bf9ce99943c4,b3a3202e-e3e0-11e9-9e2b-2bbd007f4a33,FALSE,TRUE,C,2
90402530-e45f-11e9-a4fb-3335b77b8cba,b3a3202f-e3e0-11e9-9e2c-470377edbe0a,TRUE,TRUE,D,1
9040c166-e45f-11e9-a4fc-eb40faf63141,b3a34734-e3e0-11e9-9e2d-dba5fcc4eb99,TRUE,TRUE,D,1
90415d92-e45f-11e9-a4fd-232eccb57b0f,b3a36e44-e3e0-11e9-9e2e-e7910a2eb632,TRUE,TRUE,D,1
9041f9c8-e45f-11e9-a4fe-47d877a9ac36,b3a3957c-e3e0-11e9-9e2f-83679df5315e,FALSE,TRUE,A,4
904295fe-e45f-11e9-a4ff-db2d5f9ed1aa,b3a3bc82-e3e0-11e9-9e30-87f0d3e32ed7,FALSE,TRUE,C,2
904295ff-e45f-11e9-a500-4fce0c042c75,b3a3e392-e3e0-11e9-9e31-53663020e385,FALSE,TRUE,A,4
90429600-e45f-11e9-a501-7306f1eef2fa,b3a409ee-e3e0-11e9-9e32-8bcf6107af83,TRUE,TRUE,F,0
90433194-e45f-11e9-a502-a77a9bdc85de,b3a409ef-e3e0-11e9-9e33-e3d8860239e0,TRUE,TRUE,B,3
90433195-e45f-11e9-a503-ebf8b2f2e170,b3a4319e-e3e0-11e9-9e34-8b13093f5312,TRUE,TRUE,F,0
90433196-e45f-11e9-a504-7f34c354b277,b3a458a4-e3e0-11e9-9e35-df70a5ac950a,TRUE,TRUE,C,2
90433197-e45f-11e9-a505-47c92f03ab6a,b3a47fb4-e3e0-11e9-9e36-e33a56418ef4,TRUE,TRUE,C,2
90433198-e45f-11e9-a506-6b42cc4bdb9d,b3a4a6ba-e3e0-11e9-9e37-e32078e786bb,TRUE,TRUE,D,1
9043cdc0-e45f-11e9-a507-635a9b652ccd,b3a4cdd4-e3e0-11e9-9e38-5ff72f0a681d,TRUE,TRUE,C,2
9043cdc1-e45f-11e9-a508-d7b51fd2c07d,b3a4f4da-e3e0-11e9-9e39-53d57f2a0cfe,FALSE,TRUE,D,1
9043cdc2-e45f-11e9-a509-f31428c10f91,b3a51be0-e3e0-11e9-9e3a-83d3c52fdd5e,TRUE,TRUE,D,1
9043cdc3-e45f-11e9-a50a-7b0423b4090e,b3a54278-e3e0-11e9-9e3b-3f1fd84f67bf,TRUE,TRUE,B,3
9043cdc4-e45f-11e9-a50b-fba794b2b927,b3a5694c-e3e0-11e9-9e3c-8f2200d24d6c,FALSE,TRUE,F,0
904469f6-e45f-11e9-a50c-237fdb762461,b3a59106-e3e0-11e9-9e3d-e3331500e5aa,FALSE,TRUE,F,0
904469f7-e45f-11e9-a50d-a3e661f00b38,b3a5b80c-e3e0-11e9-9e3e-23d58b435a9a,FALSE,TRUE,D,1
904469f8-e45f-11e9-a50e-e31a7c4380a6,b3a5df12-e3e0-11e9-9e3f-37b8667b7ed3,FALSE,TRUE,C,2
904469f9-e45f-11e9-a50f-730468e9dd5a,b3a5df13-e3e0-11e9-9e40-37eb87b84bf1,FALSE,TRUE,A,4
90450636-e45f-11e9-a510-7ff330def55a,b3a60622-e3e0-11e9-9e41-9f862673a1ba,FALSE,TRUE,C,2
90450637-e45f-11e9-a511-0bcb0c28248c,b3a62d28-e3e0-11e9-9e42-3f71e52891ec,FALSE,TRUE,C,2
90450638-e45f-11e9-a512-7f05feaed20a,b3a65410-e3e0-11e9-9e43-7323a67f3d10,FALSE,TRUE,D,1
90450639-e45f-11e9-a513-a7ccfd15647d,b3a67b20-e3e0-11e9-9e44-e31fb34171a6,FALSE,TRUE,B,3
9045063a-e45f-11e9-a514-0727dd7de6d5,b3a6a230-e3e0-11e9-9e45-7bba3fb0d5da,FALSE,TRUE,B,3
9045a24e-e45f-11e9-a515-2b475789e375,b3a6c936-e3e0-11e9-9e46-3b76b55c1964,FALSE,TRUE,C,2
9045a24f-e45f-11e9-a516-276c23e8b852,b3a6efb0-e3e0-11e9-9e47-2f6518167463,FALSE,TRUE,D,1
9045a250-e45f-11e9-a517-13f73d74090f,b3a716b6-e3e0-11e9-9e48-23467ba4cc92,TRUE,TRUE,C,2
9045a251-e45f-11e9-a518-cfbc6e475d10,b3a716b7-e3e0-11e9-9e49-7f20ca914370,TRUE,TRUE,A,4
9045a252-e45f-11e9-a519-4709431e8ed8,b3a73dbc-e3e0-11e9-9e4a-27807822b012,TRUE,TRUE,C,2
90463e8e-e45f-11e9-a51a-dbfad60ad3c5,b3a764c2-e3e0-11e9-9e4b-3fbbffadffa8,TRUE,TRUE,C,2
90463e8f-e45f-11e9-a51b-c33647c9b796,b3a78bd2-e3e0-11e9-9e4c-732cdc6c2c66,TRUE,TRUE,C,2
90463e90-e45f-11e9-a51c-ffa9d312e548,b3a7b38c-e3e0-11e9-9e4d-2b0b33e8c295,TRUE,TRUE,B,3
90463e91-e45f-11e9-a51d-3f88e39086c0,b3a7d9e8-e3e0-11e9-9e4e-f345bac6a3a6,FALSE,TRUE,B,3
9046db0a-e45f-11e9-a51e-6367d722308e,b3a801ac-e3e0-11e9-9e4f-fb6bccd70270,TRUE,TRUE,D,1
9046db0b-e45f-11e9-a51f-179f4d4343ab,b3a828b2-e3e0-11e9-9e50-873ffdde7d4e,TRUE,TRUE,C,2
9046db0c-e45f-11e9-a520-7f11923a41ee,b3a84f04-e3e0-11e9-9e51-f3e97b9423ba,FALSE,TRUE,B,3
9046db0d-e45f-11e9-a521-97c61873ebed,b3a87628-e3e0-11e9-9e52-170dbeeab304,TRUE,TRUE,D,1
9046db0e-e45f-11e9-a522-77ef92db14ae,b3a89d1a-e3e0-11e9-9e53-3f9b4eb0e687,TRUE,TRUE,D,1
904776fa-e45f-11e9-a523-8f5764645d49,b3a8c42a-e3e0-11e9-9e54-5b2a5d36c953,TRUE,TRUE,F,0
90481312-e45f-11e9-a524-0f4ed45278bc,b3a8c42b-e3e0-11e9-9e55-d76dd89ed2af,FALSE,TRUE,D,1
9048b010-e45f-11e9-a525-fbba3245881d,b3a8ebb2-e3e0-11e9-9e56-7b4cba69976f,TRUE,TRUE,F,0
90494c46-e45f-11e9-a526-d3118a84cf70,b3a912c2-e3e0-11e9-9e57-13fc2f3ea85a,TRUE,TRUE,A,4
9049e872-e45f-11e9-a527-5304d5256a30,b3a9393c-e3e0-11e9-9e58-33299087076b,FALSE,TRUE,D,1
9049e873-e45f-11e9-a528-d31917b80183,b3a9604c-e3e0-11e9-9e59-8ffbbf815b19,TRUE,TRUE,A,4
904a84a8-e45f-11e9-a529-7b41cd0a851a,b3a98752-e3e0-11e9-9e5a-cfc0aac279a8,TRUE,TRUE,A,4
904b1f80-e45f-11e9-a52a-0fd9866aa8f7,b3a9aeee-e3e0-11e9-9e5b-c3ff03c4a489,TRUE,TRUE,F,0
904b1f81-e45f-11e9-a52b-4fa183768243,b3a9d572-e3e0-11e9-9e5c-d745702fe12a,TRUE,TRUE,A,4
904b1f82-e45f-11e9-a52c-7f1adc976875,b3a9d573-e3e0-11e9-9e5d-570bb34c8ac7,FALSE,TRUE,B,3
904b1f83-e45f-11e9-a52d-f35ad59566b7,b3aa2392-e3e0-11e9-9e5e-a32f863b0220,TRUE,TRUE,C,2
904b1f84-e45f-11e9-a52e-3bfa7a5fee07,b3aa2393-e3e0-11e9-9e5f-df1f2c02dbf2,TRUE,TRUE,A,4
904bbc74-e45f-11e9-a52f-ab16aa7e7849,b3aa4b10-e3e0-11e9-9e60-2b8c8e03320e,TRUE,TRUE,D,1
904bbc75-e45f-11e9-a530-8b87c459983a,b3aa7216-e3e0-11e9-9e61-3371b7fe1d59,TRUE,TRUE,F,0
904bbc76-e45f-11e9-a531-7f5376de997a,b3aa9926-e3e0-11e9-9e62-5fa9923a6614,FALSE,TRUE,F,0
904bbc77-e45f-11e9-a532-6be8d26c1bb8,b3aac02c-e3e0-11e9-9e63-3b21987cb232,TRUE,TRUE,B,3
904bbc78-e45f-11e9-a533-db28aa55bfda,b3aae73c-e3e0-11e9-9e64-37f6d89a108e,FALSE,TRUE,A,4
904c58aa-e45f-11e9-a534-f74a5d3acd20,b3ab0dca-e3e0-11e9-9e65-7bbb864da85c,TRUE,TRUE,F,0
904c58ab-e45f-11e9-a535-4f570caba2a5,b3ab0dcb-e3e0-11e9-9e66-3b5497844af9,FALSE,TRUE,A,4
904c58ac-e45f-11e9-a536-73f41a382cf7,b3ab3548-e3e0-11e9-9e67-57d8621b46b5,TRUE,TRUE,D,1
904c58ad-e45f-11e9-a537-d7be31ff6af6,b3ab5c58-e3e0-11e9-9e68-73b453d6dd5f,TRUE,TRUE,C,2
904cf4d6-e45f-11e9-a538-ebc3c4216f60,b3ab835e-e3e0-11e9-9e69-7739428fdba3,TRUE,TRUE,F,0
904cf4d7-e45f-11e9-a539-77fe70856c73,b3abaabe-e3e0-11e9-9e6a-3b7a943cd356,FALSE,TRUE,D,1
904cf4d8-e45f-11e9-a53a-e7b9d3725415,b3abd174-e3e0-11e9-9e6b-8f0640421c2d,FALSE,TRUE,D,1
904cf4d9-e45f-11e9-a53b-776513b623cf,b3abd175-e3e0-11e9-9e6c-07106e0e053a,TRUE,TRUE,F,0
904d9116-e45f-11e9-a53c-57cf92109971,b3abf87a-e3e0-11e9-9e6d-e3c0901a4381,TRUE,TRUE,D,1
904d9117-e45f-11e9-a53d-4f3aa8b86cd4,b3ac1f8a-e3e0-11e9-9e6e-bb2cef3c4d76,TRUE,TRUE,F,0
904d9118-e45f-11e9-a53e-4b45551b490f,b3ac469a-e3e0-11e9-9e6f-2f79ba2c0012,TRUE,TRUE,B,3
904d9119-e45f-11e9-a53f-73e53509e706,b3ac6d96-e3e0-11e9-9e70-57bdc47c26d2,FALSE,TRUE,F,0
904d911a-e45f-11e9-a540-5738f9eb9749,b3ac94a6-e3e0-11e9-9e71-a72c26de27b7,TRUE,TRUE,D,1
904e2d4c-e45f-11e9-a541-1f676ad2627b,b39f28ad-e3e0-11e9-9e0e-03acf33dce1d,FALSE,TRUE,B,3
904e2d4d-e45f-11e9-a542-ebf7250c8d9d,b39f5052-e3e0-11e9-9e0f-d3f4549be227,TRUE,TRUE,C,2
904e2d4e-e45f-11e9-a543-7f86a097588f,b39f7762-e3e0-11e9-9e10-d3e2d3e24b90,TRUE,TRUE,A,4
904e2d4f-e45f-11e9-a544-63247a885092,b39f9e72-e3e0-11e9-9e11-e7c557835a75,TRUE,TRUE,F,0
904e2d50-e45f-11e9-a545-2bc850c521ee,b39fc578-e3e0-11e9-9e12-af84e92348a5,FALSE,TRUE,F,0
904ec978-e45f-11e9-a546-43988fa4d4ee,b39fec88-e3e0-11e9-9e13-237fd118289e,TRUE,TRUE,C,2
904ec979-e45f-11e9-a547-53b59db534d8,b3a0138e-e3e0-11e9-9e14-5f0fd5e880dd,TRUE,TRUE,C,2
904ec97a-e45f-11e9-a548-4fe36d9ba5f0,b3a0138f-e3e0-11e9-9e15-775800391821,TRUE,TRUE,B,3
904ec97b-e45f-11e9-a549-4338044a7f5c,b3a03a94-e3e0-11e9-9e16-dbc15a7e5f68,FALSE,TRUE,C,2
904f65b8-e45f-11e9-a54a-b734c537ad1c,b3a0619a-e3e0-11e9-9e17-77fc99fa980e,TRUE,TRUE,C,2
904f65b9-e45f-11e9-a54b-afac930e67d9,b3a088aa-e3e0-11e9-9e18-7f6da9534deb,FALSE,TRUE,F,0
90500298-e45f-11e9-a54c-1754fb47d051,b3a0afb0-e3e0-11e9-9e19-1337fe06bc46,TRUE,TRUE,F,0
90509ece-e45f-11e9-a54d-e3a395acfec3,b3a0d6c0-e3e0-11e9-9e1a-171ad9ebfe93,TRUE,TRUE,F,0
90513b04-e45f-11e9-a54e-1359f4f4d57d,b3a0fe16-e3e0-11e9-9e1b-dba5b363e09f,TRUE,TRUE,C,2
9051d73a-e45f-11e9-a54f-af73ca351f29,b3a124ae-e3e0-11e9-9e1c-6fe2f0abe550,TRUE,TRUE,C,2
90527366-e45f-11e9-a550-bf71f6e318ec,b3a124af-e3e0-11e9-9e1d-73f06c5e05bb,FALSE,TRUE,C,2
90527367-e45f-11e9-a551-2b80d7b7d9c1,b3a14bdc-e3e0-11e9-9e1e-930a95d3840f,TRUE,TRUE,D,1
90527368-e45f-11e9-a552-0704f5a9f11c,b3a172ec-e3e0-11e9-9e1f-0f545b5a3004,FALSE,TRUE,D,1
90530ef2-e45f-11e9-a553-930a7f15359f,b3a199f2-e3e0-11e9-9e20-273ba6f69a36,FALSE,TRUE,D,1
90530ef3-e45f-11e9-a554-ff3c1ce9ae43,b3a1c102-e3e0-11e9-9e21-37b1563cb06d,TRUE,TRUE,B,3
90530ef4-e45f-11e9-a555-af74fb5fd4ac,b3a1e808-e3e0-11e9-9e22-f3f76864bd17,FALSE,TRUE,F,0
90530ef5-e45f-11e9-a556-f7ecdca045da,b3a20f0e-e3e0-11e9-9e23-0f9a4b24bac6,TRUE,TRUE,D,1
9053ab28-e45f-11e9-a557-271c667db56b,b3a2361e-e3e0-11e9-9e24-afeff5819b8b,FALSE,TRUE,F,0
9053ab29-e45f-11e9-a558-cf3d9ff62069,b3a25cfc-e3e0-11e9-9e25-13ea7bc4bc21,FALSE,TRUE,B,3
9053ab2a-e45f-11e9-a559-030f5d191f34,b3a25cfd-e3e0-11e9-9e26-8390f8238464,TRUE,TRUE,F,0
9053ab2b-e45f-11e9-a55a-ebbc3fe56104,b3a28402-e3e0-11e9-9e27-d73b288cdc42,TRUE,TRUE,C,2
9053ab2c-e45f-11e9-a55b-a7fed5e0d370,b3a2ab12-e3e0-11e9-9e28-cbc707908622,FALSE,TRUE,F,0
9054475e-e45f-11e9-a55c-2fa21a7bb137,b3a2d218-e3e0-11e9-9e29-47d834848d88,FALSE,TRUE,C,2
9054475f-e45f-11e9-a55d-c7b494101e39,b3a2f96e-e3e0-11e9-9e2a-5720fa8e9cc5,TRUE,TRUE,A,4
90544760-e45f-11e9-a55e-9feefb50482e,b3a3202e-e3e0-11e9-9e2b-2bbd007f4a33,FALSE,TRUE,A,4
90544761-e45f-11e9-a55f-f76d5007b093,b3a3202f-e3e0-11e9-9e2c-470377edbe0a,FALSE,TRUE,B,3
90544762-e45f-11e9-a560-8b25953d7f43,b3a34734-e3e0-11e9-9e2d-dba5fcc4eb99,TRUE,TRUE,A,4
9054e394-e45f-11e9-a561-c71eabe8ebd7,b3a36e44-e3e0-11e9-9e2e-e7910a2eb632,TRUE,TRUE,A,4
9054e395-e45f-11e9-a562-379481a9ca41,b3a3957c-e3e0-11e9-9e2f-83679df5315e,FALSE,TRUE,A,4
9054e396-e45f-11e9-a563-27c7d848f406,b3a3bc82-e3e0-11e9-9e30-87f0d3e32ed7,TRUE,TRUE,A,4
9054e397-e45f-11e9-a564-dbcc010bcb4f,b3a3e392-e3e0-11e9-9e31-53663020e385,FALSE,TRUE,A,4
90557fc0-e45f-11e9-a565-2fb8f73c321a,b3a409ee-e3e0-11e9-9e32-8bcf6107af83,FALSE,TRUE,A,4
90557fc1-e45f-11e9-a566-cb7a4d3b4126,b3a409ef-e3e0-11e9-9e33-e3d8860239e0,FALSE,TRUE,F,0
90557fc2-e45f-11e9-a567-eba85033e5ea,b3a4319e-e3e0-11e9-9e34-8b13093f5312,FALSE,TRUE,C,2
90557fc3-e45f-11e9-a568-7b38e6b4deec,b3a458a4-e3e0-11e9-9e35-df70a5ac950a,TRUE,TRUE,F,0
90557fc4-e45f-11e9-a569-93b2ac01ed63,b3a47fb4-e3e0-11e9-9e36-e33a56418ef4,TRUE,TRUE,C,2
90561c00-e45f-11e9-a56a-07bcc72761d8,b3a4a6ba-e3e0-11e9-9e37-e32078e786bb,FALSE,TRUE,F,0
9056b7aa-e45f-11e9-a56b-4fd853b7388f,b3a4cdd4-e3e0-11e9-9e38-5ff72f0a681d,TRUE,TRUE,A,4
905753d6-e45f-11e9-a56c-f3e8ec0102b0,b3a4f4da-e3e0-11e9-9e39-53d57f2a0cfe,FALSE,TRUE,C,2
9057f00c-e45f-11e9-a56d-9bb25eda6817,b3a51be0-e3e0-11e9-9e3a-83d3c52fdd5e,TRUE,TRUE,A,4
90588c4c-e45f-11e9-a56e-77dcee18e217,b3a54278-e3e0-11e9-9e3b-3f1fd84f67bf,TRUE,TRUE,B,3
90592882-e45f-11e9-a56f-3bd4760d5500,b3a5694c-e3e0-11e9-9e3c-8f2200d24d6c,FALSE,TRUE,D,1
9059c4ae-e45f-11e9-a570-a78cd05ad507,b3a59106-e3e0-11e9-9e3d-e3331500e5aa,TRUE,TRUE,F,0
905a613e-e45f-11e9-a571-0b4a1ede7a37,b3a5b80c-e3e0-11e9-9e3e-23d58b435a9a,FALSE,TRUE,A,4
905a613f-e45f-11e9-a572-db91a87d2779,b3a5df12-e3e0-11e9-9e3f-37b8667b7ed3,TRUE,TRUE,C,2
905afdba-e45f-11e9-a573-6bc8f26d1b2f,b3a5df13-e3e0-11e9-9e40-37eb87b84bf1,TRUE,TRUE,A,4
905b9982-e45f-11e9-a574-13bb4439fe25,b3a60622-e3e0-11e9-9e41-9f862673a1ba,FALSE,TRUE,A,4
905c35b8-e45f-11e9-a575-bb1f1f0b4f0c,b3a62d28-e3e0-11e9-9e42-3f71e52891ec,FALSE,TRUE,F,0
905cd1bc-e45f-11e9-a576-27c4b76485da,b3a65410-e3e0-11e9-9e43-7323a67f3d10,TRUE,TRUE,B,3
905d6e2e-e45f-11e9-a577-4bfa727e5747,b3a67b20-e3e0-11e9-9e44-e31fb34171a6,TRUE,TRUE,F,0
905e0a14-e45f-11e9-a578-03e4ba594817,b3a6a230-e3e0-11e9-9e45-7bba3fb0d5da,FALSE,TRUE,F,0
905ea7a8-e45f-11e9-a579-f71a0fccbe32,b3a6c936-e3e0-11e9-9e46-3b76b55c1964,TRUE,TRUE,A,4
905f43de-e45f-11e9-a57a-975b9f049c5a,b3a6efb0-e3e0-11e9-9e47-2f6518167463,FALSE,TRUE,A,4
905f43df-e45f-11e9-a57b-efc3a6ea6078,b3a716b6-e3e0-11e9-9e48-23467ba4cc92,TRUE,TRUE,D,1
905fdeca-e45f-11e9-a57c-eb97f6541cbd,b3a716b7-e3e0-11e9-9e49-7f20ca914370,TRUE,TRUE,D,1
90607b64-e45f-11e9-a57d-2ffc17efc1f4,b3a73dbc-e3e0-11e9-9e4a-27807822b012,TRUE,TRUE,C,2
9061177c-e45f-11e9-a57e-f70f0066c8ef,b3a764c2-e3e0-11e9-9e4b-3fbbffadffa8,FALSE,TRUE,C,2
9061b39e-e45f-11e9-a57f-ff14b6641c62,b3a78bd2-e3e0-11e9-9e4c-732cdc6c2c66,FALSE,TRUE,D,1
90624fa2-e45f-11e9-a580-57ab88d675bd,b3a7b38c-e3e0-11e9-9e4d-2b0b33e8c295,FALSE,TRUE,C,2
9062ebd8-e45f-11e9-a581-fbabeb6b0da7,b3a7d9e8-e3e0-11e9-9e4e-f345bac6a3a6,TRUE,TRUE,D,1
9063880e-e45f-11e9-a582-0f6d4caa6eac,b3a801ac-e3e0-11e9-9e4f-fb6bccd70270,FALSE,TRUE,C,2
90642444-e45f-11e9-a583-2f795698dc56,b3a828b2-e3e0-11e9-9e50-873ffdde7d4e,TRUE,TRUE,D,1
9064c070-e45f-11e9-a584-ebd556c92b1b,b3a84f04-e3e0-11e9-9e51-f3e97b9423ba,TRUE,TRUE,D,1
9064c071-e45f-11e9-a585-8f456d8d5b7a,b3a87628-e3e0-11e9-9e52-170dbeeab304,FALSE,TRUE,B,3
90655ca6-e45f-11e9-a586-53435a28f52f,b3a89d1a-e3e0-11e9-9e53-3f9b4eb0e687,FALSE,TRUE,B,3
9065f8e6-e45f-11e9-a587-57ed09edf42d,b3a8c42a-e3e0-11e9-9e54-5b2a5d36c953,FALSE,TRUE,F,0
9066951c-e45f-11e9-a588-2b08272f39af,b3a8c42b-e3e0-11e9-9e55-d76dd89ed2af,FALSE,TRUE,F,0
90673198-e45f-11e9-a589-4b4351d0e0b8,b3a8ebb2-e3e0-11e9-9e56-7b4cba69976f,FALSE,TRUE,D,1
9067cd7e-e45f-11e9-a58a-535de5e5973f,b3a912c2-e3e0-11e9-9e57-13fc2f3ea85a,TRUE,TRUE,D,1
90686a18-e45f-11e9-a58b-5f47eab57451,b3a9393c-e3e0-11e9-9e58-33299087076b,FALSE,TRUE,C,2
906905fe-e45f-11e9-a58c-3716c369d1c3,b3a9604c-e3e0-11e9-9e59-8ffbbf815b19,TRUE,TRUE,C,2
9069a248-e45f-11e9-a58d-6f3f9428c89d,b3a98752-e3e0-11e9-9e5a-cfc0aac279a8,TRUE,TRUE,F,0
906a3e6a-e45f-11e9-a58e-9332dffecfdb,b3a9aeee-e3e0-11e9-9e5b-c3ff03c4a489,FALSE,TRUE,C,2
906adaaa-e45f-11e9-a58f-97874549bedb,b3a9d572-e3e0-11e9-9e5c-d745702fe12a,TRUE,TRUE,F,0
906b76cc-e45f-11e9-a590-8ffe2246bdd4,b3a9d573-e3e0-11e9-9e5d-570bb34c8ac7,TRUE,TRUE,C,2
906c1302-e45f-11e9-a591-e346118660ef,b3aa2392-e3e0-11e9-9e5e-a32f863b0220,FALSE,TRUE,D,1
906c1303-e45f-11e9-a592-bfa9eae7ddd2,b3aa2393-e3e0-11e9-9e5f-df1f2c02dbf2,FALSE,TRUE,F,0
906caf38-e45f-11e9-a593-3fe179d61af6,b3aa4b10-e3e0-11e9-9e60-2b8c8e03320e,TRUE,TRUE,F,0
906d4b50-e45f-11e9-a594-4b14d11d8ca6,b3aa7216-e3e0-11e9-9e61-3371b7fe1d59,FALSE,TRUE,D,1
906de7a4-e45f-11e9-a595-538375132231,b3aa9926-e3e0-11e9-9e62-5fa9923a6614,TRUE,TRUE,A,4
906e83e4-e45f-11e9-a596-4f7a5afd7d96,b3aac02c-e3e0-11e9-9e63-3b21987cb232,FALSE,TRUE,A,4
906f201a-e45f-11e9-a597-b3b80bff48b6,b3aae73c-e3e0-11e9-9e64-37f6d89a108e,TRUE,TRUE,F,0
906fbc3c-e45f-11e9-a598-e77ea517e58e,b3ab0dca-e3e0-11e9-9e65-7bbb864da85c,TRUE,TRUE,D,1
9070587c-e45f-11e9-a599-9bdde5617d73,b3ab0dcb-e3e0-11e9-9e66-3b5497844af9,TRUE,TRUE,A,4
9070f4b2-e45f-11e9-a59a-e74795081bda,b3ab3548-e3e0-11e9-9e67-57d8621b46b5,TRUE,TRUE,D,1
9070f4b3-e45f-11e9-a59b-978f1adf8ce1,b3ab5c58-e3e0-11e9-9e68-73b453d6dd5f,TRUE,TRUE,C,2
907190e8-e45f-11e9-a59c-afb393a39a84,b3ab835e-e3e0-11e9-9e69-7739428fdba3,FALSE,TRUE,B,3
90722d28-e45f-11e9-a59d-bb407fbdbd97,b3abaabe-e3e0-11e9-9e6a-3b7a943cd356,FALSE,TRUE,A,4
9072c954-e45f-11e9-a59e-2f8c2e5442ee,b3abd174-e3e0-11e9-9e6b-8f0640421c2d,TRUE,TRUE,F,0
9073658a-e45f-11e9-a59f-ef9af2dbf9ae,b3abd175-e3e0-11e9-9e6c-07106e0e053a,TRUE,TRUE,A,4
907401e8-e45f-11e9-a5a0-c7d189e7d50f,b3abf87a-e3e0-11e9-9e6d-e3c0901a4381,FALSE,TRUE,B,3
90753a40-e45f-11e9-a5a1-771f66a65097,b3ac1f8a-e3e0-11e9-9e6e-bb2cef3c4d76,TRUE,TRUE,F,0
9075d66c-e45f-11e9-a5a2-abb0146136f1,b3ac469a-e3e0-11e9-9e6f-2f79ba2c0012,FALSE,TRUE,F,0
907672ca-e45f-11e9-a5a3-fbb4b0cdeaca,b3ac6d96-e3e0-11e9-9e70-57bdc47c26d2,TRUE,TRUE,B,3
90770ece-e45f-11e9-a5a4-fb6684156542,b3ac94a6-e3e0-11e9-9e71-a72c26de27b7,FALSE,TRUE,F,0
9077ab18-e45f-11e9-a5a5-7baa3b641912,b39f28ad-e3e0-11e9-9e0e-03acf33dce1d,TRUE,TRUE,F,0
9078476c-e45f-11e9-a5a6-d7c19a4579ce,b39f5052-e3e0-11e9-9e0f-d3f4549be227,FALSE,TRUE,F,0
9078e37a-e45f-11e9-a5a7-3bbacd194850,b39f7762-e3e0-11e9-9e10-d3e2d3e24b90,TRUE,TRUE,C,2
90797fa6-e45f-11e9-a5a8-1be0b54807c3,b39f9e72-e3e0-11e9-9e11-e7c557835a75,FALSE,TRUE,C,2
907a1bd2-e45f-11e9-a5a9-dfcbebb92bd3,b39fc578-e3e0-11e9-9e12-af84e92348a5,FALSE,TRUE,A,4
907ab81c-e45f-11e9-a5aa-73331a9da19b,b39fec88-e3e0-11e9-9e13-237fd118289e,FALSE,TRUE,A,4
907ab81d-e45f-11e9-a5ab-8b5dcf7d5ce4,b3a0138e-e3e0-11e9-9e14-5f0fd5e880dd,FALSE,TRUE,B,3
907ab81e-e45f-11e9-a5ac-5bd65c7c03f9,b3a0138f-e3e0-11e9-9e15-775800391821,TRUE,TRUE,C,2
907ab81f-e45f-11e9-a5ad-cfc216400bc3,b3a03a94-e3e0-11e9-9e16-dbc15a7e5f68,FALSE,TRUE,A,4
907b545c-e45f-11e9-a5ae-f35e8aa82ba7,b3a0619a-e3e0-11e9-9e17-77fc99fa980e,FALSE,TRUE,B,3
907bf0a6-e45f-11e9-a5af-975a5c33c7bc,b3a088aa-e3e0-11e9-9e18-7f6da9534deb,TRUE,TRUE,A,4
907c8cdc-e45f-11e9-a5b0-73cad0e842f1,b3a0afb0-e3e0-11e9-9e19-1337fe06bc46,TRUE,TRUE,F,0
907d291c-e45f-11e9-a5b1-8f88a53e0993,b3a0d6c0-e3e0-11e9-9e1a-171ad9ebfe93,TRUE,TRUE,B,3
907dc548-e45f-11e9-a5b2-c7950ee8b2f1,b3a0fe16-e3e0-11e9-9e1b-dba5b363e09f,TRUE,TRUE,A,4
907e6174-e45f-11e9-a5b3-0bfcba1115a2,b3a124ae-e3e0-11e9-9e1c-6fe2f0abe550,FALSE,TRUE,B,3
907efdbe-e45f-11e9-a5b4-77b607c0f345,b3a124af-e3e0-11e9-9e1d-73f06c5e05bb,TRUE,TRUE,F,0
907f99f4-e45f-11e9-a5b5-678682962840,b3a14bdc-e3e0-11e9-9e1e-930a95d3840f,TRUE,TRUE,A,4
90803620-e45f-11e9-a5b6-f3c9a44192d4,b3a172ec-e3e0-11e9-9e1f-0f545b5a3004,TRUE,TRUE,C,2
90816e96-e45f-11e9-a5b7-b35e0d348067,b3a199f2-e3e0-11e9-9e20-273ba6f69a36,TRUE,TRUE,C,2
90820ad6-e45f-11e9-a5b8-9b0e4d2e4326,b3a1c102-e3e0-11e9-9e21-37b1563cb06d,FALSE,TRUE,D,1
9082a702-e45f-11e9-a5b9-176de4a67ea6,b3a1e808-e3e0-11e9-9e22-f3f76864bd17,TRUE,TRUE,B,3
90834324-e45f-11e9-a5ba-533d64daff73,b3a20f0e-e3e0-11e9-9e23-0f9a4b24bac6,TRUE,TRUE,C,2
9083dfa0-e45f-11e9-a5bb-1bd15e8a63d2,b3a2361e-e3e0-11e9-9e24-afeff5819b8b,FALSE,TRUE,B,3
90847bcc-e45f-11e9-a5bc-eb221c82ecd3,b3a25cfc-e3e0-11e9-9e25-13ea7bc4bc21,FALSE,TRUE,A,4
908517bc-e45f-11e9-a5bd-47d337141ce8,b3a25cfd-e3e0-11e9-9e26-8390f8238464,TRUE,TRUE,A,4
908517bd-e45f-11e9-a5be-f37f1beebb16,b3a28402-e3e0-11e9-9e27-d73b288cdc42,TRUE,TRUE,A,4
9085b41a-e45f-11e9-a5bf-27207940ab2f,b3a2ab12-e3e0-11e9-9e28-cbc707908622,FALSE,TRUE,D,1
90865014-e45f-11e9-a5c0-cbc6a2c02535,b3a2d218-e3e0-11e9-9e29-47d834848d88,FALSE,TRUE,D,1
9086ec54-e45f-11e9-a5c1-3ffef9af0655,b3a2f96e-e3e0-11e9-9e2a-5720fa8e9cc5,TRUE,TRUE,D,1
908824c0-e45f-11e9-a5c2-7bd17a4c327f,b3a3202e-e3e0-11e9-9e2b-2bbd007f4a33,FALSE,TRUE,D,1
9088c0f6-e45f-11e9-a5c3-4354c97d80b5,b3a3202f-e3e0-11e9-9e2c-470377edbe0a,TRUE,TRUE,B,3
90895d22-e45f-11e9-a5c4-5fe107c83c3a,b3a34734-e3e0-11e9-9e2d-dba5fcc4eb99,TRUE,TRUE,D,1
9089f958-e45f-11e9-a5c5-a7bea4ca2b45,b3a36e44-e3e0-11e9-9e2e-e7910a2eb632,TRUE,TRUE,A,4
908a9598-e45f-11e9-a5c6-1ff78989c69f,b3a3957c-e3e0-11e9-9e2f-83679df5315e,TRUE,TRUE,A,4
908b31ba-e45f-11e9-a5c7-375c6d719824,b3a3bc82-e3e0-11e9-9e30-87f0d3e32ed7,TRUE,TRUE,B,3
908bcdfa-e45f-11e9-a5c8-635dc402c515,b3a3e392-e3e0-11e9-9e31-53663020e385,TRUE,TRUE,C,2
908c6a26-e45f-11e9-a5c9-d7804ed41e39,b3a409ee-e3e0-11e9-9e32-8bcf6107af83,TRUE,TRUE,B,3
908d0666-e45f-11e9-a5ca-435d77d388f1,b3a409ef-e3e0-11e9-9e33-e3d8860239e0,TRUE,TRUE,F,0
908da292-e45f-11e9-a5cb-e34b26c21a06,b3a4319e-e3e0-11e9-9e34-8b13093f5312,FALSE,TRUE,C,2
908e3edc-e45f-11e9-a5cc-639d03b5ca76,b3a458a4-e3e0-11e9-9e35-df70a5ac950a,TRUE,TRUE,A,4
908edb12-e45f-11e9-a5cd-57c659cd5391,b3a47fb4-e3e0-11e9-9e36-e33a56418ef4,TRUE,TRUE,A,4
908edb13-e45f-11e9-a5ce-4f4c9138c823,b3a4a6ba-e3e0-11e9-9e37-e32078e786bb,TRUE,TRUE,B,3
9090000a-e45f-11e9-a5cf-0ba277e5fb3e,b3a4cdd4-e3e0-11e9-9e38-5ff72f0a681d,TRUE,TRUE,B,3
90909c36-e45f-11e9-a5d0-57cddfb8844f,b3a4f4da-e3e0-11e9-9e39-53d57f2a0cfe,TRUE,TRUE,B,3
9090ff28-e45f-11e9-a5d1-836734afa4e3,b3a51be0-e3e0-11e9-9e3a-83d3c52fdd5e,TRUE,TRUE,F,0
90919b54-e45f-11e9-a5d2-b398ccc84e80,b3a54278-e3e0-11e9-9e3b-3f1fd84f67bf,FALSE,TRUE,A,4
9092376c-e45f-11e9-a5d3-df819a275f6d,b3a5694c-e3e0-11e9-9e3c-8f2200d24d6c,TRUE,TRUE,B,3
9092376d-e45f-11e9-a5d4-f34093dc01d1,b3a59106-e3e0-11e9-9e3d-e3331500e5aa,FALSE,TRUE,F,0
9092376e-e45f-11e9-a5d5-cbb725695474,b3a5b80c-e3e0-11e9-9e3e-23d58b435a9a,TRUE,TRUE,A,4
9092d3fc-e45f-11e9-a5d6-b3293c67f69a,b3a5df12-e3e0-11e9-9e3f-37b8667b7ed3,TRUE,TRUE,A,4
90936fec-e45f-11e9-a5d7-93f5220b1d89,b3a5df13-e3e0-11e9-9e40-37eb87b84bf1,FALSE,TRUE,D,1
90940c18-e45f-11e9-a5d8-53139643cc59,b3a60622-e3e0-11e9-9e41-9f862673a1ba,TRUE,TRUE,C,2
9094a83a-e45f-11e9-a5d9-6bf973aeed87,b3a62d28-e3e0-11e9-9e42-3f71e52891ec,FALSE,TRUE,C,2
9095448e-e45f-11e9-a5da-efea8b1f1b0e,b3a65410-e3e0-11e9-9e43-7323a67f3d10,FALSE,TRUE,A,4
9095448f-e45f-11e9-a5db-cb5c64763b1b,b3a67b20-e3e0-11e9-9e44-e31fb34171a6,TRUE,TRUE,F,0
9095e0ba-e45f-11e9-a5dc-2b481f1c6e18,b3a6a230-e3e0-11e9-9e45-7bba3fb0d5da,FALSE,TRUE,D,1
90967cf0-e45f-11e9-a5dd-474c9c83a0fa,b3a6c936-e3e0-11e9-9e46-3b76b55c1964,FALSE,TRUE,F,0
9097193a-e45f-11e9-a5de-4b26088913b0,b3a6efb0-e3e0-11e9-9e47-2f6518167463,FALSE,TRUE,D,1
9097b688-e45f-11e9-a5df-8b9c6c4a8170,b3a716b6-e3e0-11e9-9e48-23467ba4cc92,FALSE,TRUE,C,2
909852be-e45f-11e9-a5e0-e32ca09355f1,b3a716b7-e3e0-11e9-9e49-7f20ca914370,FALSE,TRUE,F,0
9098eef4-e45f-11e9-a5e1-7f901bbc373e,b3a73dbc-e3e0-11e9-9e4a-27807822b012,TRUE,TRUE,D,1
90998b2a-e45f-11e9-a5e2-83bc4f03ca80,b3a764c2-e3e0-11e9-9e4b-3fbbffadffa8,TRUE,TRUE,B,3
909a262a-e45f-11e9-a5e3-3f4da4994f22,b3a78bd2-e3e0-11e9-9e4c-732cdc6c2c66,TRUE,TRUE,B,3
909ac3a0-e45f-11e9-a5e4-2fd446b8b5a5,b3a7b38c-e3e0-11e9-9e4d-2b0b33e8c295,FALSE,TRUE,D,1
909ac3a1-e45f-11e9-a5e5-d7f869034d80,b3a7d9e8-e3e0-11e9-9e4e-f345bac6a3a6,FALSE,TRUE,A,4
909b5fcc-e45f-11e9-a5e6-539fd89cc56f,b3a801ac-e3e0-11e9-9e4f-fb6bccd70270,TRUE,TRUE,B,3
909bfc02-e45f-11e9-a5e7-e31f641707ba,b3a828b2-e3e0-11e9-9e50-873ffdde7d4e,FALSE,TRUE,B,3
909c9838-e45f-11e9-a5e8-1b5a6b14cdaf,b3a84f04-e3e0-11e9-9e51-f3e97b9423ba,FALSE,TRUE,D,1
909d33a6-e45f-11e9-a5e9-cfc31d0260c7,b3a87628-e3e0-11e9-9e52-170dbeeab304,FALSE,TRUE,F,0
909dd0ae-e45f-11e9-a5ea-4f87790d4cdf,b3a89d1a-e3e0-11e9-9e53-3f9b4eb0e687,TRUE,TRUE,A,4
909e6b9a-e45f-11e9-a5eb-ff6999a51a4c,b3a8c42a-e3e0-11e9-9e54-5b2a5d36c953,FALSE,TRUE,A,4
909f091a-e45f-11e9-a5ec-cba662ec12e6,b3a8c42b-e3e0-11e9-9e55-d76dd89ed2af,TRUE,TRUE,A,4
909fa406-e45f-11e9-a5ed-8f3eda190e54,b3a8ebb2-e3e0-11e9-9e56-7b4cba69976f,TRUE,TRUE,D,1
90a04050-e45f-11e9-a5ee-fbd249f0b54a,b3a912c2-e3e0-11e9-9e57-13fc2f3ea85a,FALSE,TRUE,D,1
90a0ddb2-e45f-11e9-a5ef-7382be086fdc,b3a9393c-e3e0-11e9-9e58-33299087076b,TRUE,TRUE,A,4
90a0ddb3-e45f-11e9-a5f0-2771bd6c1dcb,b3a9604c-e3e0-11e9-9e59-8ffbbf815b19,FALSE,TRUE,A,4
90a178b2-e45f-11e9-a5f1-0bb63c50fce9,b3a98752-e3e0-11e9-9e5a-cfc0aac279a8,FALSE,TRUE,B,3
90a2161e-e45f-11e9-a5f2-b781cd6afceb,b3a9aeee-e3e0-11e9-9e5b-c3ff03c4a489,TRUE,TRUE,A,4
90a2b254-e45f-11e9-a5f3-0b06449e246c,b3a9d572-e3e0-11e9-9e5c-d745702fe12a,TRUE,TRUE,A,4
90a34e94-e45f-11e9-a5f4-fb2744563cea,b3a9d573-e3e0-11e9-9e5d-570bb34c8ac7,FALSE,TRUE,C,2
90a3eac0-e45f-11e9-a5f5-338968484139,b3aa2392-e3e0-11e9-9e5e-a32f863b0220,TRUE,TRUE,C,2
90a3eac1-e45f-11e9-a5f6-1ba471c4177c,b3aa2393-e3e0-11e9-9e5f-df1f2c02dbf2,TRUE,TRUE,D,1
90a4861a-e45f-11e9-a5f7-dfbd0ad9b61e,b3aa4b10-e3e0-11e9-9e60-2b8c8e03320e,FALSE,TRUE,F,0
90a521f6-e45f-11e9-a5f8-732a973bef12,b3aa7216-e3e0-11e9-9e61-3371b7fe1d59,TRUE,TRUE,D,1
90a5bf62-e45f-11e9-a5f9-237416ec2088,b3aa9926-e3e0-11e9-9e62-5fa9923a6614,FALSE,TRUE,C,2
90a65ba2-e45f-11e9-a5fa-4f13c9e70c80,b3aac02c-e3e0-11e9-9e63-3b21987cb232,TRUE,TRUE,D,1
90a6f6a2-e45f-11e9-a5fb-9fa8ef26213f,b3aae73c-e3e0-11e9-9e64-37f6d89a108e,TRUE,TRUE,C,2
90a79404-e45f-11e9-a5fc-879b8ad181b9,b3ab0dca-e3e0-11e9-9e65-7bbb864da85c,TRUE,TRUE,F,0
90a8303a-e45f-11e9-a5fd-af736341934a,b3ab0dcb-e3e0-11e9-9e66-3b5497844af9,FALSE,TRUE,D,1
90a8cb9e-e45f-11e9-a5fe-fbadbd9d0689,b3ab3548-e3e0-11e9-9e67-57d8621b46b5,FALSE,TRUE,C,2
90a967ca-e45f-11e9-a5ff-0b1c3521e535,b3ab5c58-e3e0-11e9-9e68-73b453d6dd5f,FALSE,TRUE,F,0
90aa039c-e45f-11e9-a600-830498ad5eb1,b3ab835e-e3e0-11e9-9e69-7739428fdba3,FALSE,TRUE,A,4
90aaa108-e45f-11e9-a601-2730ff625349,b3abaabe-e3e0-11e9-9e6a-3b7a943cd356,TRUE,TRUE,F,0
90ab3d48-e45f-11e9-a602-738e79695548,b3abd174-e3e0-11e9-9e6b-8f0640421c2d,TRUE,TRUE,D,1
90ab3d49-e45f-11e9-a603-27312a907e6f,b3abd175-e3e0-11e9-9e6c-07106e0e053a,TRUE,TRUE,F,0
90abd82a-e45f-11e9-a604-a345d1f55bbb,b3abf87a-e3e0-11e9-9e6d-e3c0901a4381,FALSE,TRUE,F,0
90abd82b-e45f-11e9-a605-37a1d712c0fe,b3ac1f8a-e3e0-11e9-9e6e-bb2cef3c4d76,FALSE,TRUE,F,0
90abd82c-e45f-11e9-a606-d39d08e7397d,b3ac469a-e3e0-11e9-9e6f-2f79ba2c0012,TRUE,TRUE,A,4
90ac749c-e45f-11e9-a607-4fdbbb019ba6,b3ac6d96-e3e0-11e9-9e70-57bdc47c26d2,TRUE,TRUE,A,4
90ad11e0-e45f-11e9-a608-23ce904c551f,b3ac94a6-e3e0-11e9-9e71-a72c26de27b7,TRUE,TRUE,C,2
90adae16-e45f-11e9-a609-67eef52c3c97,b3ac469a-e3e0-11e9-9e6f-2f79ba2c0012,TRUE,TRUE,B,3
90ae4916-e45f-11e9-a60a-7f2d66cc4f3b,b3ac469a-e3e0-11e9-9e6f-2f79ba2c0012,TRUE,TRUE,C,2
